,polarity_peak,Lipid.class,Lipid.species,fragmentation,adduct,other.mode,MZ.target,RT.data,init_peak,polarity,schiz_peak,healthy_predicted,rt_error,ppm_error,schiz_peak_WO_,corr_all,corr_HC,polarity_schiz_peak
0,posFT21454,DG,DG 34:1,DG(16:0_18:1). DG(16:1_18:0),M+NH4,negFT09400,612.5578486,9.833337402,FT21454,pos,FT24227,FT21454,0.0102228206941408,0.330945822508577,FT24227,0.5340973939725769,0.977170027901443,posFT24227
1,posFT22500,DG,DG 35:1,DG(17:1_18:0),M+NH4,negFT09832,626.5737607,10.59275818,FT22500,pos,FT25123,FT22500,0.0142860567389053,0.299755411381664,FT25123,0.6898567042008306,0.8751098558667837,posFT25123
2,posFT23044,DG,DG 36:4,DG(16:0_20:4),M+NH4,negFT10106,634.5423469,8.601460775,FT23044,pos,FT25655,FT23044,0.0145466963596998,-0.4459683899408145,FT25655,0.5884683747405809,0.9737250798699694,posFT25655
3,posFT23164,DG,DG 36:3,DG(16:0_20:3). DG(18:1_18:2),M+NH4,negFT10169,636.5575853,9.128818766,FT23164,pos,FT25793,FT23164,0.0132584424821953,-0.1569608416568846,FT25793,0.4323435958016167,0.979049412904328,posFT25793
4,posFT23296,DG,DG 36:2,DG(18:0_18:2). DG(18:1_18:1),M+NH4,negFT10242,638.5739392,10.12287547,FT23296,pos,FT25962,FT23296,0.0046836125041593,0.1195837997921775,FT25962,0.511568207315459,0.9768469093440848,posFT25962
5,posFT23406,DG,DG 36:1,DG(18:0_18:1),M+NH4,negFT10321,640.5898167,11.40074361,FT23406,pos,FT26104,FT23406,0.0180974614500879,0.2741754623752373,FT26104,0.5937878687033137,0.9442920114067452,posFT26104
6,posFT24809,DG,DG 38:4,DG(18:0_20:4),M+NH4,negFT11106,662.5737666,9.974319458,FT24809,pos,FT27598,FT24809,0.0113144428461193,-0.3533334234609758,FT27598,0.6454373643679405,0.960613934850169,posFT27598
7,posFT25059,DG,DG 38:2,DG(18:1_20:1),M+NH4,negFT11264,666.605811,11.58090312,FT25059,pos,FT27854,FT25059,0.0114544552825659,-0.0019026956823298,FT27854,0.6649499812205417,0.8875204820936837,posFT27854
8,posFT26655,DG,DG 40:4,DG(18:0_22:4),M+NH4,negFT12160,690.6062064,11.05812683,FT26655,pos,FT29461,FT26655,0.014909383598411,-0.1849891995260941,FT29461,0.6505931093795371,0.9749130693055428,posFT29461
9,posFT26925,DG,DG 40:2,DG(18:1_22:1),M+NH4,negFT12327,694.6373094,13.17234497,FT26925,pos,FT29773,FT26925,0.0072228980792612,-0.3075667421854169,FT29773,0.7773171955119702,0.9104828086929478,posFT29773
10,posFT27375,SM,SM d34:2,SM(d34:2),M+H,negFT13338,701.5629147,5.596826681,FT27375,pos,FT30191,FT27375,0.0055337405081559,0.439228388342665,FT30191,0.427529145833015,0.8470457918625444,posFT30191
11,posFT28338,SM,SM d35:1,SM(d35:1),M+H,negFT13932,717.5923092,6.548968506,FT28338,pos,FT31217,FT28338,0.0029392434833086,0.2010695127037991,FT31217,0.3180407460627559,0.909431784525434,posFT31217
12,posFT29055,SM,SM d36:2,SM(d36:2),M+H,negFT14367,729.5936425,6.307177734,FT29055,pos,FT31997,FT29055,0.0016748485258046,0.1935193881442575,FT31997,0.5837085599545642,0.8236326626933638,posFT31997
13,posFT29177,SM,SM d36:1,SM(d36:1),M+H,negFT14476,731.6083335,6.976206462,FT29177,pos,FT32121,FT29177,-0.0054297900533075,-1.0722496449255403,FT32121,0.4769593205615099,0.9659282642775272,posFT32121
14,posFT24819,Cer,Cer m44:1,Cer(m20:0/24:1),M+H,negFT11759,662.6830326,14.14666951,FT24819,pos,FT27610,FT24819,5.6102826263781935e-05,-0.8017108222995287,FT27610,0.6635424725155674,0.9005647406961532,posFT27610
15,posFT23865,Cer,Cer d42:2,Cer(d18:1/24:1) ,M+H,negFT11219,648.6313842,11.47877502,FT23865,pos,FT26687,FT23865,0.0066748784872388,0.2864190998112207,FT26687,0.823232552884713,0.990748927337312,posFT26687
16,posFT24815,Cer,Cer d43:2,Cer(d18:1/25:1),M+H,negFT11757,662.6475423,12.34425456,FT24815,pos,FT27606,FT24815,0.0074407854798259,1.2784656352348065,FT27606,0.794882002928871,0.9632836413644682,posFT27606
17,posFT33758,HexCer,HexCer d41:2,HexCer(d18:1/23:1). HexCer(d17:1/24:1),M+H,negFT17164,796.6708349,9.253625488,FT33758,pos,FT36719,FT33758,-0.0025207626602554,0.1782197013538002,FT36719,0.5567513036823555,0.7743214770867146,posFT36719
18,posFT33759,HexCer,HexCer d41:2,HexCer(d18:2/23:0),M+H,negFT17165,796.6709822,9.537587484,FT33759,pos,FT36720,FT33759,-0.0169467735434452,-0.5232599669283873,FT36720,0.4644992156025049,0.8508322000905979,posFT36720
19,posFT34814,HexCer,HexCer d42:2,HexCer(d18:1/24:1),M+H,negFT17686,810.6866281,9.931539917,FT34814,pos,FT37747,FT34814,-0.0044869483069138,-0.5125085398089195,FT37747,0.647191458455916,0.7954105652878307,posFT37747
20,posFT28397,DG,DG 42:4,DG(24:4_18:0),M+NH4,negFT13347,718.6386332,12.41089427,FT28397,pos,FT31277,FT28397,0.0207620419222536,0.5670173579301995,FT31277,0.6332199346143651,0.907791104204156,posFT31277
21,posFT25685,SM,SM d32:1,SM(d32:1),M+H,negFT12231,675.5426505,5.480130005,FT25685,pos,FT28434,FT25685,0.0077338262786437,0.5330804112817723,FT28434,0.5406676409600152,0.8607402967004248,posFT28434
22,posFT26590,SM,SM d33:1,SM(d33:1),M+H,negFT12802,689.5625144,5.795720418,FT26590,pos,FT29382,FT26590,0.0025070753977693,0.9966495924211424,FT29382,0.0630827419018135,0.7444641975300006,posFT29382
23,posFT27481,SM,SM d34:1,SM(d34:1),M+H,negFT13418,703.5784274,6.145274353,FT27481,pos,FT30343,FT27481,0.0101868866373004,0.2319527752511056,FT30343,0.3384262376737728,0.9452000683180228,posFT30343
24,posFT27602,SM,SM d34:0,SM(d34:0),M+H,negFT13514,705.5932855,6.381964111,FT27602,pos,FT30467,FT27602,0.0003348222184955,0.1398033482288251,FT30467,0.4062752052217289,0.9689665049124075,posFT30467
25,posFT28244,SM,SM d35:2,SM(d35:2),M+H,negFT13871,715.5786685,5.938542684,FT28244,pos,FT31113,FT28244,-0.0019284912684636,0.2749656114650098,FT31113,0.316953954512253,0.2952692459222852,posFT31113
26,posFT29344,SM,SM d36:0,SM(d36:0),M+H,negFT14587,733.6216904,7.280187988,FT29344,pos,FT32247,FT29344,-0.0102638306776308,-0.8200173489410335,FT32247,0.531180983274268,0.9548938404088668,posFT32247
27,posFT30032,SM,SM d37:2,SM(d37:2),M+H,negFT14936,743.6092098,6.707835897,FT30032,pos,FT32932,FT30032,-0.0033140302787151,-0.6082716928084988,FT32932,0.5710394103050005,0.7855817279280259,posFT32932
28,posFT30149,SM,SM d37:1,SM(d37:1),M+H,negFT15004,745.6225833,7.452904256,FT30149,pos,FT33058,FT30149,-0.0100791878282819,-0.9049066142464058,FT33058,0.5124873343160412,0.9345464485068814,posFT33058
29,posFT31040,SM,SM d38:1,SM(d38:1),M+H,negFT15570,759.6396438,7.977522786,FT31040,pos,FT34018,FT31040,-0.0137617389022981,-1.0927116531256946,FT34018,0.5957037977083391,0.952710098359294,posFT34018
30,posFT32828,SM,SM d40:2,SM(d40:2),M+H,negFT16676,785.6566612,8.1235672,FT32828,pos,FT35916,FT32828,-0.0078895167550072,-1.3521455655461254,FT35916,0.3482302364691851,0.8556642941929516,posFT35916
31,posFT33004,SM,SM d40:1,SM(d40:1),M+H,negFT16774,787.673436,9.344136556,FT33004,pos,FT36043,FT33004,-0.0293963141545585,-0.3438582735698632,FT36043,0.3437650734784583,0.874351908410218,posFT36043
32,posFT33957,SM,SM d41:2,SM(d41:2),M+H,negFT17281,799.673872,8.728049723,FT33957,pos,FT36955,FT33957,-0.0094797191849629,-0.9957175780594588,FT36955,0.4048257652291352,0.8875225918304587,posFT36955
33,posFT34160,SM,SM d41:1,SM(d41:1),M+H,negFT17347,801.6898909,10.09338786,FT34160,pos,FT37104,FT34160,-0.0245222452214477,-1.214600678360112,FT37104,-0.164166683954819,0.6629486563592611,posFT37104
34,posFT35046,SM,SM d42:2,SM(d42:2),M+H,negFT17827,813.6893942,9.362304688,FT35046,pos,FT38000,FT35046,-0.0225745088232844,-0.5553505603562784,FT38000,0.3499524273721063,0.9071493096241212,posFT38000
35,posFT35207,SM,SM d42:1,SM(d42:1),M+H,negFT17940,815.70584,10.89604899,FT35207,pos,FT38152,FT35207,-0.0346184176413491,-0.6116850074264272,FT38152,-0.1611116960697221,0.5992881071613286,posFT38152
36,posFT36035,SM,SM d43:2,SM(d43:2),M+H,negFT18444,827.7057699,10.0812795,FT36035,pos,FT39001,FT36035,-0.0209057478192011,-0.6444331822184074,FT39001,-0.0680642259529804,0.8916269170728186,posFT39001
37,posFT36971,SM,SM d44:2,SM(d44:2),M+H,negFT18995,841.7216508,10.8498113,FT36971,pos,FT40030,FT36971,-0.0296792332868989,-0.2626318078668346,FT40030,-0.305142962359912,0.6823809336937204,posFT40030
38,posFT17441,Cer,Cer d36:1,Cer(d18:1/18:0),M+H,,548.5408739,8.435612996,FT17441,pos,FT20236,FT17441,0.0070185640651168,0.1766003277057851,FT20236,0.3699686432273092,0.9595664166248824,posFT20236
39,posFT18386,Cer,Cer d36:2,Cer(d18:2/18:0),M+H,negFT08529,564.5356983,7.534267426,FT18386,pos,FT21363,FT18386,0.0030802193263159,-0.2291004710877426,FT21363,0.5789668149879116,0.9772249707744104,posFT21363
40,posFT20327,Cer,Cer d38:1,Cer(d18:1/20:0). Cer(d20:1/18:0),M+H,negFT09369,594.5838497,9.750992839,FT20327,pos,FT23223,FT20327,0.0016572156688479,0.4667122401588373,FT23223,0.5436178595602468,0.8960071489622982,posFT23223
41,posFT21089,Cer,Cer m40:1,Cer(m18:1/22:0),M+H,negFT09736,606.6202412,11.64333801,FT21089,pos,FT23889,FT21089,0.0060992608474119,0.6873965494875881,FT23889,0.6899274656661469,0.9431173838525184,posFT23889
42,posFT22056,Cer,Cer d40:2,Cer(d18:1/22:1),M+H,negFT10205,620.5983117,9.941614787,FT22056,pos,FT24759,FT22056,0.013774856310583,1.6210331720139315,FT24759,0.7509101301511482,0.8739519863587429,posFT24759
43,posFT22057,Cer,Cer d40:2,Cer(d18:2/22:0),M+H,negFT10204,620.5982154,10.18655599,FT22057,pos,FT24760,FT22057,-0.0090170955000559,1.2874020288933643,FT24760,0.3972548840108085,0.8138000235305449,posFT24760
44,posFT22065,Cer,Cer m41:1,Cer(m18:1/23:0),M+H,negFT10209,620.6358889,12.54505463,FT22065,pos,FT24764,FT22065,0.0061298876614852,1.09065263451493,FT24764,0.691533218396761,0.9136091604310268,posFT24764
45,posFT22276,Cer,Cer d40:1,Cer(d18:1/22:0),M+H,negFT10284,622.6154972,11.41721903,FT22276,pos,FT24879,FT22276,0.0097358175560895,0.9963428213064136,FT24879,0.3159406345377522,0.8893867882126701,posFT24879
46,posFT23053,Cer,Cer d41:2,Cer(d18:1/23:1),M+H,negFT10706,634.6151363,10.69940999,FT23053,pos,FT25667,FT23053,0.0118779799595518,1.6818602458282013,FT25667,0.7686577647681962,0.8657978386293118,posFT25667
47,posFT23987,Cer,Cer d42:1,Cer(d18:1/24:0),M+H,negFT11307,650.6469849,13.17407481,FT23987,pos,FT26826,FT23987,0.0019825850616026,0.8428528847700574,FT26826,0.6410094557423116,0.823089612060619,posFT26826
48,posFT23988,Cer,Cer d42:1,Cer(d18:0/24:1),M+H,negFT11308,650.646976,11.93522034,FT23988,pos,FT26825,FT23988,0.0128006107370204,0.4409777623378496,FT26825,0.8007221660788729,0.8355245781872164,posFT26825
49,posFT24731,Cer,Cer m44:2,Cer(m18:2/26:0),M+H,negFT11695,660.6681449,13.32986806,FT24731,pos,FT27501,FT24731,0.00972822448011,0.3306285491425117,FT27501,0.687289178312308,0.9037462524545228,posFT27501
50,posFT28868,HexCer,HexCer d36:2,HexCer(d18:2/18:0),M+H,negFT14251,726.5902088,6.633997854,FT28868,pos,FT31823,FT28868,0.0061255722460442,-0.406289126330754,FT31823,0.6613490959503628,0.9245565664027756,posFT31823
51,posFT28987,HexCer,HexCer d36:1,HexCer(d18:1/18:0),M+H,negFT14330,728.6025077,7.373821004,FT28987,pos,FT31943,FT28987,-0.0068267552339582,-1.4998227449324586,FT31943,0.7082746042257562,0.8292626529255005,posFT31943
52,posFT33889,HexCer,HexCer d41:1,HexCer(d18:1/23:0),M+H,negFT17244,798.6871362,10.69097697,FT33889,pos,FT36882,FT33889,-0.0101540745743839,-0.9302210255553656,FT36882,0.5085797105015336,0.6891720313417804,posFT36882
53,posFT34973,HexCer,HexCer d42:1,HexCer(d18:0/24:1),M+H,negFT17786,812.7029946,11.51650391,FT34973,pos,FT37923,FT34973,-0.0147368098265694,-0.6540290546685043,FT37923,0.5776137282903219,0.6554090447878814,posFT37923
54,posFT35873,HexCer,HexCer d43:2,HexCer(d18:1/25:1),M+H,negFT18313,824.70297,10.69136607,FT35873,pos,FT38819,FT35873,0.0011832964531812,-0.3865721736735814,FT38819,0.4014363291010327,0.7646865781072059,posFT38819
55,posFT36762,HexCer,HexCer d44:2,HexCer(d18:1/26:1),M+H,negFT18890,838.7190109,11.50221456,FT36762,pos,FT39835,FT36762,-0.0088938279107999,-0.5714931566050288,FT39835,0.4595696949893366,0.690346019793822,posFT39835
56,posFT36901,HexCer,HexCer t43:2,HexCer(t18:0/25:2),M+H,negFT18957,840.6982524,10.21948649,FT36901,pos,FT39965,FT36901,-0.0007688088629258,-0.8426292300267609,FT39965,0.1815622685108435,0.2347472647255038,posFT39965
57,posFT17562,Cer,Cer m36:1,Cer(m18:1/18:0),M+H,negFT08207,550.5569196,8.599564616,FT17562,pos,FT20380,FT17562,0.0108327015005151,0.2929009453344944,FT20380,0.6117171724990789,0.9715610789481705,posFT20380
58,posFT17680,Cer,Cer d35:1,Cer(d17:1/18:0). minor Cer(d18:1/17:0),M+H,negFT08257,552.5365052,7.859203593,FT17680,pos,FT20543,FT17680,0.0056247787732219,1.6193042781698768,FT20543,0.3615199728128794,0.6375978302458489,posFT20543
59,posFT17683,Cer,Cer m36:0,Cer(m18:0/18:0),M+H,negFT08259,552.5724916,9.684299723,FT17683,pos,FT20550,FT17683,-0.0193044649313502,1.6537297696466031,FT20550,0.4589171907892495,0.5270749080193059,posFT20550
60,posFT18528,Cer,Cer d36:1,Cer(d18:1/18:0),M+H,negFT08590,566.551346,8.435555267,FT18528,pos,FT21462,FT18528,0.0063960882576772,0.0386322741975991,FT21462,0.3767062302670396,0.9540117706284438,posFT21462
61,posFT18662,Cer,Cer d36:0,Cer(d18:0/18:0),M+H,negFT08645,568.5698127,8.769816081,FT18662,pos,FT21600,FT18662,0.0112256808879749,0.7670761703971604,FT21600,0.4447142347956249,0.934865377215224,posFT21600
62,posFT19324,Cer,Cer d38:1,Cer(d18:1/20:0). Cer(d20:1/18:0),M+H,,576.5730359,9.75087382,FT19324,pos,FT22119,FT19324,0.0020014196641611,0.7804444158025639,FT22119,0.5447166308836257,0.923204935246525,posFT22119
63,posFT19484,Cer,Cer m38:1,Cer(m20:1/18:0). Cer(m18:1/20:0),M+H,negFT08923,578.5882544,9.981241862,FT19484,pos,FT22228,FT19484,-0.0049640218005553,0.4674983243223133,FT22228,0.6960968234833491,0.9030052788937104,posFT22228
64,posFT19799,Cer,Cer t36:0,Cer(t18:0/18:0),M+H,negFT09084,584.5623344,7.809979248,FT19799,pos,FT22666,FT19799,-0.0041020688775752,-0.2004359376387524,FT22666,0.7140624211808146,0.5052087794088579,posFT22666
65,posFT20166,Cer,Cer d38:2,Cer(d18:2/20:0),M+H,negFT09316,592.5666719,8.728452555,FT20166,pos,FT23080,FT20166,0.0056073689901356,-0.2738329917256818,FT23080,0.6056220797743951,0.9244341886256467,posFT23080
66,posFT20169,Cer,Cer m39:1,Cer(m18:1/21:0),M+H,negFT09318,592.6039704,10.79946187,FT20169,pos,FT23084,FT20169,0.0018194118206622,2.227865330549501,FT23084,0.7887691041705943,0.7595729162495862,posFT23084
67,posFT21905,Cer,Cer m41:2,Cer(m18:1/23:1),M+H,negFT10146,618.6199463,10.95819092,FT21905,pos,FT24647,FT21905,0.0097377199252779,0.9615848106571744,FT24647,0.748106298700197,0.6165481282703494,posFT24647
68,posFT22912,Cer,Cer m42:2,Cer(m18:1/24:1),M+H,negFT10639,632.6362974,11.7680603,FT22912,pos,FT25534,FT22912,0.0096259276958878,0.0086692227969352,FT25534,0.5498570520355546,0.920629874171195,posFT25534
69,posFT23757,Cer,Cer m43:2,Cer(m18:1/25:1),M+H,negFT11150,646.6520027,12.65326742,FT23757,pos,FT26555,FT23757,0.0103787171366764,0.0679193673804179,FT26555,0.5222369998636386,0.8280028582025577,posFT26555
70,posFT23851,DG,DG 37:4,DG(17:0_20:4),M+NH4,negFT10602,648.5577829,9.262389628,FT23851,pos,FT26677,FT23851,0.0100762336625326,0.5063052775405215,FT26677,0.7190494201035323,0.9415461257118328,posFT26677
71,posFT24715,DG,DG 38:5,DG(18:1_20:4),M+NH4,negFT11037,660.5577866,8.819527181,FT24715,pos,FT27489,FT24715,0.0191810685814068,-1.1605354140052864,FT27489,0.5736185064667062,0.9742805509387952,posFT27489
72,posFT25173,DG,DG 38:1,DG(18:0_20:1). DG(16:0_22:1),M+NH4,negFT11346,668.6215099,12.96518453,FT25173,pos,FT27984,FT25173,0.0161547726099637,-0.2295660886107911,FT27984,0.7618062405773071,0.8828844858240864,posFT27984
73,posFT29931,HexCer,HexCer t36:2,HexCer(d18:2/h18:0),M+H,negFT14906,742.5876634,6.40712382,FT29931,pos,FT32864,FT29931,-0.0086262709085627,2.356180052339016,FT32864,0.6693384433716687,0.3191833272039407,posFT32864
74,posFT30865,HexCer,HexCer d38:1,HexCer(d18:1/20:0),M+H,negFT15454,756.6377854,8.502146403,FT30865,pos,FT33793,FT30865,0.0024000322736874,-1.56229563590022,FT33793,0.4208871647095716,0.4854410498299698,posFT33793
75,posFT32637,HexCer,HexCer d40:2,HexCer(d18:1/22:1),M+H,negFT16537,782.6556096,8.608153788,FT32637,pos,FT35703,FT32637,-0.0011250883429632,-0.2300991859361778,FT35703,0.5938731528931661,0.7664183401101005,posFT35703
76,posFT32638,HexCer,HexCer d40:2,HexCer(d18:2/22:0),M+H,negFT16536,782.6552315,8.844470723,FT32638,pos,FT35704,FT32638,-0.0071515203515808,-0.7058662944707316,FT35704,0.4667482580916869,0.8652238983139342,posFT35704
77,posFT32767,HexCer,HexCer d40:1,HexCer(d18:1/22:0),M+H,negFT16631,784.6700991,9.909807332,FT32767,pos,FT35852,FT32767,-0.0118493963125789,-0.8954501664116279,FT35852,0.6166747340549006,0.7285998276811878,posFT35852
78,posFT33883,HexCer,HexCer t40:2,HexCer(d18:1/h22:1). HexCer(d18:2/h22:0),M+H,negFT17240,798.6451424,8.452483368,FT33883,pos,FT36880,FT33883,-0.0009565855677742,-3.21372843836898,FT36880,0.2075671560081466,0.702229430739953,posFT36880
79,posFT34962,HexCer,HexCer t41:2,HexCer(d18:1/h23:1). HexCer(d18:2/h23:0),M+H,negFT17782,812.6658364,9.129266357,FT34962,pos,FT37916,FT34962,-0.0062931950010387,-0.791116921117607,FT37916,0.277124195818125,0.7228767241222276,posFT37916
80,posFT35989,HexCer,HexCer d43:1,HexCer(d18:1/25:0),M+H,negFT18401,826.7195166,12.40206706,FT35989,pos,FT38951,FT35989,-0.027922384978865,-0.3506476011552394,FT38951,0.4942613863805702,0.4823430283547903,posFT38951
81,posFT25790,SM,SM d32:0,SM(d32:0),M+H,negFT12322,677.5621449,5.680398814,FT25790,pos,FT28573,FT25790,0.01181772512333,-0.6130634310363002,FT28573,0.3941969067828726,0.3262486968270015,posFT28573
82,posFT31177,SM,SM d38:0,SM(d38:0),M+H,negFT15691,761.6551645,8.353892517,FT31177,pos,FT34180,FT31177,-0.0095635822890312,-1.4344722372282654,FT34180,0.6013738210952273,0.9172284575265174,posFT34180
83,posFT10285,CAR,CAR 18:1,CAR(18:1),M+H,,426.3594432,2.982985687,FT10285,pos,FT12000,FT10285,-0.0059223820176432,2.5529637589279552,FT12000,0.1830235188444405,0.8301285457517382,posFT12000
84,posFT10407,CAR,CAR 18:0,CAR(18:0),M+H,,428.3751057,3.484059525,FT10407,pos,FT12150,FT10407,-0.0143937279890939,0.8590768400975529,FT12150,0.1476912041677432,0.8912411501138028,posFT12150
85,posFT25174,CE,CE 18:1,CE(18:1),M+NH4,,668.6343699,15.56753133,FT25174,pos,FT27986,FT25174,-0.0102717896287121,-1.5178107277459352,FT27986,0.394195108517083,0.9668558928108968,posFT27986
86,posFT25062,CE,CE 18:2,CE(18:2),M+NH4,,666.6196199,15.2756134,FT25062,pos,FT27856,FT25062,-0.0019099034617209,-1.4645794736264242,FT27856,0.1285975854486991,0.970382717301301,posFT27856
87,posFT26775,CE,CE 20:3,CE(20:3),M+NH4,,692.6350227,15.33375041,FT26775,pos,FT29651,FT26775,-0.0001665699073623,-0.7288330586570463,FT29651,0.7147252151470889,0.9500412075750068,posFT29651
88,posFT26656,CE,CE 20:4,CE(20:4),M+NH4,,690.6197604,15.07551778,FT26656,pos,FT29463,FT26656,-0.0021301837338434,-2.6619006593940213,FT29463,0.2587866190403011,0.9129961486542282,posFT29463
89,posFT28398,CE,CE 22:4,CE(22:4),M+NH4,,718.6511254,15.38305511,FT28398,pos,FT31278,FT28398,-0.0010725948634906,-2.3984955128986165,FT31278,0.6311351751719172,0.8835646301240184,posFT31278
90,posFT28199,CE,CE 22:6,CE(22:6),M+NH4,,714.621015,14.85888774,FT28199,pos,FT31058,FT28199,-0.0071495902334408,-1.91994299203841,FT31058,0.9970478966612076,0.9731959843520664,posFT31058
91,posFT36736,PS,PS 40:5,PS(40:5),M+H,,838.5672084,6.979059347,FT36736,pos,FT39821,FT36736,-0.0084702776374019,-3.337005379974752,FT39821,0.5327653445579895,0.9054537742498884,posFT39821
92,posFT36595,PS,PS 40:6,PS(40:6),M+H,,836.5445958,6.879920451,FT36595,pos,FT39658,FT36595,-0.0059743808392775,1.8849951089465176,FT39658,0.3634785528324374,0.516714978942517,posFT39658
93,posFT37288,TG,TG 50:3,,M+NH4,,846.7590908,15.30758514,FT37288,pos,FT40379,FT37288,-0.0101213851045134,-1.6762084790407632,FT40379,-0.008884958065201,0.783182921694109,posFT40379
94,posFT38932,TG,TG 52:4,,M+NH4,,872.7747325,15.31700541,FT38932,pos,FT42041,FT38932,0.0030860145586633,-1.73908127472245,FT42041,0.0528780924318412,0.9469758996810838,posFT42041
95,posFT39062,TG,TG 52:3,,M+NH4,,874.7904979,15.53442281,FT39062,pos,FT42171,FT39062,-0.0021096492763561,-1.7932107296425264,FT42171,0.0197636589901288,0.9810179855194096,posFT42171
96,posFT39171,TG,TG 52:2,,M+NH4,,876.8061659,15.7345693,FT39171,pos,FT42305,FT39171,-0.0048990560504549,-1.9998209221459609,FT42305,-0.01182543491807,0.937019395199905,posFT42305
97,posFT40373,TG,TG 54:6,,M+NH4,,896.7761113,15.24914856,FT40373,pos,FT43672,FT40373,0.0100722183957167,0.7129401494566077,FT43672,0.5478374040178176,0.841093146617138,posFT43672
98,posFT40496,TG,TG 54:5,,M+NH4,,898.7894844,15.44209849,FT40496,pos,FT43824,FT40496,0.0117806412355179,-2.758450162213208,FT43824,0.407217697821606,0.9604161557615816,posFT43824
99,posFT40598,TG,TG 54:4,,M+NH4,,900.8056863,15.56737976,FT40598,pos,FT43960,FT40598,-0.0037586789106853,-2.327902186141688,FT43960,0.0595386400224888,0.9449365594413142,posFT43960
100,posFT41894,TG,TG 56:7,,M+NH4,,922.7912608,15.30675456,FT41894,pos,FT45392,FT41894,0.0088642557429849,-1.1138161724976503,FT45392,0.7595419562688313,0.8948514912095741,posFT45392
101,posFT42144,TG,TG 56:5,,M+NH4,,926.8213536,15.6504893,FT42144,pos,FT45678,FT42144,0.0024877055507541,-2.8546175616461587,FT45678,0.474043525445014,0.8837045761419756,posFT45678
102,posFT42258,TG,TG 56:4,,M+NH4,,928.8374635,15.80293681,FT42258,pos,FT45833,FT42258,-0.0347439779258937,-2.039207717029172,FT45833,0.2614553721092341,0.6251338660733788,posFT45833
103,posFT43153,TG,TG 58:10,,M+NH4,,944.7758564,15.0011912,FT43153,pos,FT46711,FT43153,0.0042940461586926,-0.8658855739450356,FT46711,0.6052115566592507,0.8822792071765632,posFT46711
104,posFT43257,TG,TG 58:9,,M+NH4,,946.7911882,15.16371053,FT43257,pos,FT46827,FT43257,0.0194441796982935,-1.5078064869659746,FT46827,0.5349560778501709,0.8456668746017081,posFT46827
105,posFT43360,TG,TG 58:8,,M+NH4,,948.8068171,15.37698059,FT43360,pos,FT46947,FT43360,0.0143336753227298,-1.2542954539059268,FT46947,0.5724040346907663,0.8975142435970979,posFT46947
106,posFT43471,TG,TG 58:7,,M+NH4,,950.8220807,15.53425802,FT43471,pos,FT47084,FT43471,0.0049960601946743,-2.3305187844023463,FT47084,0.4796916834022866,0.8193245100935996,posFT47084
107,posFT43581,TG,TG 58:6,,M+NH4,,952.8379213,15.66762492,FT43581,pos,FT47211,FT43581,0.0619919265503643,-1.8715353835620572,FT47211,0.3554103281531786,0.6961303016282963,posFT47211
108,posFT44400,TG,TG 60:12,,M+NH4,,968.7761934,14.8562851,FT44400,pos,FT48081,FT44400,0.0040890529888102,-0.4474591562259926,FT48081,0.9644275614151846,0.7118305667422262,posFT48081
109,posFT44509,TG,TG 60:11,,M+NH4,,970.7913777,15.0469696,FT44509,pos,FT48192,FT44509,0.0083398246179591,-1.0423823041828792,FT48192,0.5129095593298238,0.7507223191724308,posFT48192
110,posFT44613,TG,TG 60:10,,M+NH4,,972.8066889,15.27478129,FT44613,pos,FT48303,FT44613,0.010347268438414,-1.1355763289836287,FT48303,0.502128956365626,0.9131225564808908,posFT48303
111,posFT09286,Cholesterol,Cholesterol,,M+NH4,,404.3901104,5.471618144,FT09286,pos,FT10663,FT09286,0.0080717142402582,2.5475814299295325,FT10663,0.4556428785577577,0.9446762788479088,posFT10663
0,negFT07035,LPC,LPC 16:0,LPC(16:0),M-H+FA,posFT14275,540.3308194,2.478525416,FT07035,neg,FT07760,FT07035,0.0038099256694557,2.067302012515428,FT07760,0.5468490379650128,0.8133756015054178,negFT07760
1,negFT07036,LPC,LPC 16:0,LPC(16:0),M-H+FA,posFT14274,540.3307819,2.666802979,FT07036,neg,FT07761,FT07036,-0.0048837619583506,2.012457553411388,FT07761,0.4497581612381641,0.6523996169590193,negFT07761
2,negFT07491,LPC,LPC 18:2,LPC(18:2),M-H+FA,,564.3308981,2.399523544,FT07491,neg,FT08376,FT07491,-0.002464720497763,1.972463590485718,FT08376,0.5414237718379242,0.7359369996463713,negFT08376
3,negFT07490,LPC,LPC 18:2,LPC(18:2),M-H+FA,posFT15568,564.3309327,2.241092936,FT07490,neg,FT08377,FT07490,-0.0024710930078497,1.8437537800089796,FT08377,0.6834044294929178,0.7200768873343913,negFT08377
4,negFT07537,LPC,LPC 18:1,LPC(18:1),M-H+FA,posFT15682,566.3465158,2.742093658,FT07537,neg,FT08450,FT07537,0.0026075493353889,1.812979368391876,FT08450,0.3092934342288172,0.7322896768756609,negFT08450
5,negFT07589,LPC,LPC 18:0,LPC(18:0),M-H+FA,posFT15793,568.3622076,3.410633977,FT07589,neg,FT08519,FT07589,-0.0095520159839912,1.830520130841512,FT08519,0.5120992654619198,0.6671986220093977,negFT08519
6,negFT08039,LPC,LPC 20:4,LPC(20:4),M-H+FA,posFT17228,588.3309603,2.274385325,FT08039,neg,FT09175,FT08039,-0.0019544892254987,1.5810657596631517,FT09175,0.6552669973791965,0.7559060297005581,negFT09175
7,negFT08093,LPC,LPC 20:3,LPC(20:3),M-H+FA,posFT17317,590.346578,2.541731517,FT08093,neg,FT09237,FT08093,0.0006135200266026,1.914908258926013,FT09237,0.5870467567046073,0.7476693345996335,negFT09237
8,negFT08631,LPC,LPC 22:6,LPC(22:6),M-H+FA,posFT18633,612.3309577,2.210540517,FT08631,neg,FT10066,FT08631,-0.0055922563136729,1.5083478443806442,FT10066,0.6325518240962437,0.7842886500673962,negFT10066
9,negFT08691,LPC,LPC 22:5,LPC(22:5),M-H+FA,posFT18753,614.3465944,2.650324758,FT08691,neg,FT10167,FT08691,0.0017212435318829,1.6545240179262732,FT10167,0.5347800517952881,0.7590509545213561,negFT10167
10,negFT08742,LPC,LPC 22:4,LPC(22:4),M-H+FA,posFT18961,616.3622865,2.850808716,FT08742,neg,FT10237,FT08742,0.0034244890156953,1.460075614098247,FT10237,0.3019556183659405,0.741288646009648,negFT10237
11,negFT12114,PE,PE 34:1,PE(16:0_18:1). PE(16:1_18:0),M-H,posFT28382,716.5237342,7.445465597,FT12114,neg,FT14241,FT12114,0.0072644630516967,0.6858822612901118,FT14241,0.5856311554704852,0.5170946924446418,negFT14241
12,negFT13295,PE,PE 36:1,PE(18:0_18:1),M-H,posFT30239,744.5553223,8.549266561,FT13295,neg,FT15590,FT13295,-0.004231910270132,0.837177112354227,FT15590,0.5464542526915319,0.4547228178049105,negFT15590
13,negFT13217,PE,PE 36:2,PE(18:1_18:1). PE(18:2_18:0),M-H,posFT30083,742.5394269,7.637660217,FT13217,neg,FT15487,FT13217,-0.000858026188685,0.6866863801713198,FT15487,0.71100315935278,0.4523855309825585,negFT15487
14,negFT13116,PE,PE 36:3,PE(18:1_18:2). PE(16:0_20:3),M-H,posFT29923,740.5239964,6.910766602,FT13116,neg,FT15377,FT13116,0.0018610554876357,0.51411530824278,FT15377,0.3581617955572301,0.5353663091265443,negFT15377
15,negFT14183,PE,PE 38:3,PE(18:0_20:3). PE(18:1_20:2). PE(16:0_22:3),M-H,posFT31878,768.5544738,7.981209564,FT14183,neg,FT16787,FT14183,-0.0019525061129312,0.420164231307402,FT16787,0.7622936680167864,0.667537846761188,negFT16787
16,negFT14095,PE,PE 38:4,PE(16:0_22:4),M-H,posFT31763,766.5391412,7.286313375,FT14095,neg,FT16683,FT14095,0.0023901449605867,0.2435489898465316,FT16683,0.7742147375949381,0.6023400670898352,negFT16683
17,negFT14094,PE,PE 38:4,PE(18:0_20:4),M-H,posFT31759,766.5392456,7.62094396,FT14094,neg,FT16682,FT14094,-0.0001325059730445,0.5694259883988606,FT16682,0.8260873811498118,0.5967108740383152,negFT16682
18,negFT13958,PE,PE 38:6,PE(16:0_22:6),M-H,posFT31414,762.5079647,6.426330058,FT13958,neg,FT16480,FT13958,0.0023530376281541,0.4127624976086725,FT16480,0.8540909459348228,0.7000847680640315,negFT16480
19,negFT15128,PE,PE 40:5,PE(18:0_22:5),M-H,posFT33606,792.554765,8.03495992,FT15128,neg,FT18097,FT15128,-0.0030567436673312,0.2131327214353805,FT18097,0.849332617701193,0.6876304829408881,negFT18097
20,negFT15132,PE,PE 40:5,PE(18:1_22:4). PE(18:0_22:5). PE(20:4_20:1),M-H,posFT33604,792.5584845,7.46037089,FT15132,neg,FT18098,FT15132,0.0179475350648115,-0.7795880953021147,FT18098,0.3654444814993151,0.3653003774478425,negFT18098
22,negFT14958,PE,PE 40:7,PE(18:1_22:6). PE(20:3_20:4),M-H,posFT33313,788.5236466,6.584942627,FT14958,neg,FT17893,FT14958,-0.0017290804028489,0.0915665559145161,FT17893,0.7867212480086492,0.6796801724986249,negFT17893
23,negFT16013,PE,PE 42:9,PE(20:4_22:5),M-H,,812.5241216,6.460215251,FT16013,neg,FT19151,FT16013,-0.0226633136018428,-0.2003486666720506,FT19151,0.7479791078521549,0.7215719281777815,negFT19151
24,negFT16014,PE,PE 42:9,PE(20:3_22:6). PE(20:4_22:5),M-H,posFT35119,812.5246538,6.209049479,FT16014,neg,FT19152,FT16014,0.0032647699697001,-0.1585661812042209,FT19152,0.8090689188766516,0.6592067925310373,negFT19152
25,negFT16097,PE,PE 42:8,PE(20:4_22:4),M-H,posFT35252,814.5395712,6.685447184,FT16097,neg,FT19253,FT16097,0.0019476052041325,-0.1748737903070909,FT19253,0.7287707726370424,0.5188845679178097,negFT19253
26,negFT05797,LPE,LPE 18:1,LPE(18:1),M-H,posFT13241,478.2935691,2.817022832,FT05797,neg,FT06133,FT05797,0.0034404384999104,2.2521385581663296,FT06133,-0.0694366918675021,0.8800283960238088,negFT06133
27,negFT06195,LPE,LPE 20:4,LPE(20:4),M-H,posFT14573,500.278086,2.341252899,FT06195,neg,FT06639,FT06195,-0.0002545445135613,2.167625446758245,FT06639,-0.0123574342710226,0.6922998108852205,negFT06639
28,negFT06234,LPE,LPE 20:3,LPE(20:3),M-H,posFT14724,502.2937085,2.608840688,FT06234,neg,FT06696,FT06234,0.000818035486926,2.2851022564266583,FT06696,-0.3220607709407254,0.8481338769916017,negFT06696
29,negFT06235,LPE,LPE 20:3,LPE(20:3),M-H,,502.2937033,2.835860697,FT06235,neg,FT06695,FT06235,-0.0061461887806064,2.501160173816994,FT06695,0.2109513063601636,0.8524652708444066,negFT06695
30,negFT06677,LPE,LPE 22:6,LPE(22:6),M-H,posFT15883,524.2781745,2.282596334,FT06677,neg,FT07289,FT06677,-0.003101738342234,1.9318361907442556,FT07289,0.5887736587434894,0.8099072997730407,negFT07289
31,negFT06777,LPE,LPE 22:4,LPE(22:4),M-H,posFT16247,528.3095265,2.917649206,FT06777,neg,FT07425,FT06777,-0.0025108780519058,2.0185770447036693,FT07425,-0.3950973549692209,0.8098214313269697,negFT07425
32,negFT14216,PG,PG 36:4,PG(18:2_18:2),M-H,,769.5026248,5.281371053,FT14216,neg,FT16827,FT14216,-0.0093079930833148,0.3233222634113121,FT16827,0.4637784523510915,0.8355222265815963,negFT16827
33,negFT14215,PG,PG 36:4,PG(16:0_20:4),M-H,,769.5028454,5.916341654,FT14215,neg,FT16826,FT14215,-0.0016247158170434,0.4679332775494322,FT16826,0.6943098915122103,0.8613551541550243,negFT16826
34,negFT17187,PG,PG 42:10,PG(20:4_22:6),M-H,,841.5022538,5.123067983,FT17187,neg,FT20586,FT17187,-0.0099465258694007,-0.3315744161203476,FT20586,0.6799984957094184,0.8067999552278751,negFT20586
35,negFT11542,PE_P,PE_P 34:1,PE(P-16:0_18:1). PE(P-18:1_16:0),M-H,posFT27427,700.5289149,8.021906026,FT11542,neg,FT13539,FT11542,0.0023968990453848,1.078152710529437,FT13539,0.8469191445260628,0.8212556491163807,negFT13539
36,negFT12620,PE_P,PE_P 36:1,PE(P-18:0_18:1),M-H,posFT29118,728.5605051,9.266494242,FT12620,neg,FT14799,FT12620,0.0051013201015752,0.656590647981206,FT14799,0.8423086193902185,0.4380758322956462,negFT14799
37,negFT12362,PE_P,PE_P 36:4,PE(P-16:0_20:4),M-H,posFT28749,722.5131501,7.128144328,FT12362,neg,FT14486,FT12362,0.0093402746240851,0.7560760589957403,FT14486,0.3622193614194542,0.3735116607324987,negFT14486
38,negFT13549,PE_P,PE_P 38:4,PE(P-16:0_22:4),M-H,posFT30571,750.5444598,7.821425374,FT13549,neg,FT15909,FT13549,0.0043327188291089,0.5928983447776077,FT15909,0.7656247267797196,0.5792030672992587,negFT15909
39,negFT13548,PE_P,PE_P 38:4,PE(P-18:0_20:4),M-H,posFT30570,750.5443364,8.189462789,FT13548,neg,FT15910,FT13548,0.0009382734849481,0.7059957106510959,FT15910,0.6399734638427355,0.3473652897324252,negFT15910
40,negFT13466,PE_P,PE_P 38:5,PE(P-16:1_22:4),M-H,posFT30431,748.528633,7.294716136,FT13466,neg,FT15790,FT13466,0.0016796059939547,0.4564367825779658,FT15790,0.7926511685096771,0.6499647970986403,negFT15790
41,negFT14635,PE_P,PE_P 40:4,PE(P-18:0_22:4),M-H,posFT32503,778.5756944,9.00791626,FT14635,neg,FT17394,FT14635,0.0027612180994669,0.4290355269496718,FT17394,0.5610409037311294,0.2450861302400703,negFT17394
43,negFT14633,PE_O,PE_O 40:5,PE(O-18:2_22:3),M-H,posFT32505,778.5738077,8.600990804,FT14633,neg,FT17396,FT14633,0.0937821596468868,-1.0137714510787803,FT17396,0.4722113894258266,0.7906993545693751,negFT17396
44,negFT13647,PE_P,PE_P 38:3,PE(P-18:0_20:3),M-H,,752.5602955,9.083398438,FT13647,neg,FT16017,FT13647,0.0080624489278093,0.7760369948650075,FT16017,0.5531724332567931,0.8438122272372635,negFT16017
45,negFT14531,PE_P,PE_P 40:5,PE(P-18:0_22:5),M-H,posFT32391,776.5602924,8.631099447,FT14531,neg,FT17250,FT14531,-0.0084875692467427,0.5413355043774268,FT17250,0.7796512388390485,0.6342764554406537,negFT17250
46,negFT14532,PE_P,PE_P 40:5,PE(P-18:1_22:4),M-H,posFT32392,776.5596426,7.963519796,FT14532,neg,FT17249,FT14532,0.0036072777931028,0.3353000453385439,FT17249,0.5393224015348673,0.5926010396771119,negFT17249
47,negFT07002,LPC,LPC 16:1,LPC(16:1),M-H+FA,posFT14172,538.3151803,2.049813716,FT07002,neg,FT07718,FT07002,0.0097074095353151,2.052667425147344,FT07718,0.5667560120312369,0.7871927079998898,negFT07718
48,negFT08198,LPC,LPC 20:1,LPC(20:1),M-H+FA,posFT17545,594.3778739,3.544351451,FT08198,neg,FT09414,FT08198,-0.0093050045467846,1.6243593405871828,FT09414,0.2097409799127264,0.6257313295684341,negFT09414
49,negFT12359,PC,PC 28:0,PC(14:0_14:0),M-H+FA,posFT25834,722.4978625,5.551480103,FT12359,neg,FT14485,FT12359,0.0038289073811279,1.1734537870378825,FT14485,0.4834385110149153,0.8294166724788569,negFT14485
50,negFT13546,PC,PC 30:0,PC(14:0_16:0),M-H+FA,posFT27649,750.5294216,6.208659363,FT13546,neg,FT15906,FT13546,0.0037428667937966,0.47945035221034,FT15906,0.7237914253045395,0.7461579827679578,negFT15906
51,negFT13462,PC,PC 30:1,PC(14:0_16:1),M-H+FA,posFT27539,748.5136851,5.716245015,FT13462,neg,FT15786,FT13462,-0.0004135929501707,0.8442184453127574,FT15786,0.3466881837354494,0.8023913560786127,negFT15786
52,negFT14629,PC,PC 32:0,PC(16:0_16:0),M-H+FA,posFT29385,778.5601936,7.019797007,FT14629,neg,FT17391,FT14629,0.0062744004998114,0.2551478619060387,FT17391,0.7711485485515155,0.7540771517970807,negFT17391
53,negFT14527,PC,PC 32:1,PC(16:0_16:1). PC(18:1_14:0),M-H+FA,posFT29230,776.5447972,6.384538778,FT14527,neg,FT17248,FT14527,-0.0037650907096358,0.3148749368331452,FT17248,0.270064422123781,0.7162197633978835,negFT17248
54,negFT14406,PC,PC 32:2,PC(16:1_16:1),M-H+FA,posFT29111,774.5293916,5.849216207,FT14406,neg,FT17109,FT14406,0.0832803739592966,0.1855662486045602,FT17109,0.5669296719187192,0.7782027851892283,negFT17109
55,negFT14410,PC,PC 32:2,PC(16:1_16:1). PC(18:1_14:1),M-H+FA,posFT29112,774.5319932,6.175306702,FT14410,neg,FT17108,FT14410,-0.0034524934951338,-0.6218306871054078,FT17108,0.3319260125260296,0.906629979433202,negFT17108
56,negFT15038,PC,PC 33:1,PC(15:0_18:1). PC(16:0_17:1). PC(16:1_17:0),M-H+FA,posFT30238,790.5597405,6.785672506,FT15038,neg,FT17983,FT15038,0.0023860403347697,0.2079988592213554,FT17983,0.3339926148157788,0.7902657854256301,negFT17983
57,negFT15739,PC,PC 34:0,PC(16:0_18:0),M-H+FA,posFT31268,806.5915126,8.053466543,FT15739,neg,FT18853,FT15739,-0.0113435115820834,0.1655043836550744,FT18853,0.6879006334692088,0.798356246396716,negFT18853
58,negFT15628,PC,PC 34:1,PC(16:0_18:1). PC(16:1_18:0),M-H+FA,posFT31095,804.5756954,7.228266144,FT15628,neg,FT18736,FT15628,-0.0031858892701386,0.0255693001697016,FT18736,0.2912500767923197,0.517143781495916,negFT18736
59,negFT15512,PC,PC 34:2,PC(16:0_18:2). PC(16:1_18:1),M-H+FA,posFT30967,802.5602397,6.551603699,FT15512,neg,FT18597,FT15512,0.0045425403367955,0.0663180592129697,FT18597,0.4589509916494128,0.7206886709221679,negFT18597
60,negFT15440,PC,PC 34:3,PC(34:3),M-H+FA,posFT30850,800.5449773,6.000103251,FT15440,neg,FT18481,FT15440,-0.0111699142596952,0.2681346778102634,FT18481,0.5664045203815072,0.7708552428737915,negFT18481
61,negFT15441,PC,PC 34:3,PC(16:0_18:3). PC(16:2_18:1). PC(16:1_18:2),M-H+FA,posFT30849,800.5449656,6.19226532,FT15441,neg,FT18480,FT15441,-0.0034234763441283,-0.1177839183861963,FT18480,0.693852944132726,0.7481018824563728,negFT18480
63,negFT16244,PC,PC 35:1,PC(17:0_18:1). PC(17:1_18:0),M-H+FA,posFT32132,818.5915912,7.72966156,FT16244,neg,FT19451,FT16244,0.0013056956051578,0.0724444008596583,FT19451,0.2741400749757153,0.7922044487508625,negFT19451
64,negFT16170,PC,PC 35:2,PC(17:1_18:1). PC(17:0_18:2),M-H+FA,posFT32020,816.5752271,6.967778524,FT16170,neg,FT19356,FT16170,0.0033338493841492,-0.130477545194555,FT19356,0.7203788501911128,0.8858638233118002,negFT19356
65,negFT16100,PC,PC 35:3,PC(17:1_18:2),M-H+FA,posFT31872,814.5597473,6.359167735,FT16100,neg,FT19257,FT16100,-0.0024269392802427,-0.3282661660238556,FT19257,0.1885370575837393,0.6927311058114541,negFT19257
66,negFT16819,PC,PC 36:1,PC(18:0_18:1),M-H+FA,posFT33116,832.6068814,8.297824097,FT16819,neg,FT20156,FT16819,-0.0033749574438068,0.0811219615413285,FT20156,0.1872963359266727,0.6252742073398593,negFT20156
67,negFT16717,PC,PC 36:2,PC(18:0_18:2). PC(18:1_18:1),M-H+FA,posFT32887,830.5912957,7.445568339,FT16717,neg,FT20030,FT16717,0.0008755505064437,-0.1911383811146277,FT20030,0.5660434191596375,0.7390622307738355,negFT20030
68,negFT16623,PC,PC 36:3,PC(16:0_20:3). PC(18:1_18:2),M-H+FA,posFT32757,828.5758053,6.76484019,FT16623,neg,FT19913,FT16623,0.0067528361077053,-0.2060185534369688,FT19913,0.5512453475892354,0.6360040384734676,negFT19913
69,negFT16625,PC,PC 36:3,PC(16:0_20:3). PC(18:1_18:2),M-H+FA,posFT32755,828.5758302,7.136646525,FT16625,neg,FT19914,FT16625,-0.0068585841772152,-0.1192679131978299,FT19914,0.6477407388609462,0.7256176444624701,negFT19914
70,negFT17228,PC,PC 37:3,PC(18:2_19:1),M-H+FA,posFT33879,842.5912537,7.111606598,FT17228,neg,FT20647,FT17228,0.001991515962004,-0.5097010801954187,FT20647,0.5582827301950113,0.7952060465382583,negFT20647
71,negFT17982,PC,PC 38:1,PC(18:0_20:1). PC(18:1_20:0),M-H+FA,posFT35264,860.6388691,9.383474223,FT17982,neg,FT21608,FT17982,0.0027690062771235,-0.5513083053278965,FT21608,0.567598781807447,0.6619501977970684,negFT21608
72,negFT17983,PC,PC 38:1,PC(38:1),M-H+FA,,860.6388606,9.675869751,FT17983,neg,FT21609,FT17983,-0.0024538515074734,-0.6080485854158614,FT21609,0.4487041074583719,0.6395053458569758,negFT21609
73,negFT17882,PC,PC 38:2,PC(18:0_20:2). PC(18:1_20:1),M-H+FA,posFT35133,858.6228666,8.429867045,FT17882,neg,FT21488,FT17882,-0.0144175319413015,-0.2048050195585833,FT21488,0.6980499385564738,0.8037096169151128,negFT21488
74,negFT17779,PC,PC 38:3,PC(18:0_20:3). PC(18:1_20:2),M-H+FA,posFT34954,856.6068613,7.762237549,FT17779,neg,FT21361,FT17779,-0.0069531999660359,-0.3865104121107802,FT21361,0.4197751505952267,0.4683238954399427,negFT21361
75,negFT17682,PC,PC 38:4,PC(16:0_22:4). PC(18:1_20:3),M-H+FA,posFT34804,854.5912536,7.086327616,FT17682,neg,FT21217,FT17682,0.0036245823368146,-0.3767379215845439,FT21217,0.4035095028188705,0.5175523343501894,negFT21217
76,negFT17603,PC,PC 38:5,PC(18:1_20:4). PC(22:5_16:0),M-H+FA,posFT34624,852.5757078,6.661596171,FT17603,neg,FT21098,FT17603,0.0065336545284271,-0.3836045778206058,FT21098,0.4006689695720399,0.4195649526434511,negFT21098
77,negFT17521,PC,PC 38:6,PC(16:0_22:6). PC(18:2_20:4),M-H+FA,posFT34487,850.5601472,6.275895182,FT17521,neg,FT20999,FT17521,0.0008340395736645,-0.4273798294466451,FT20999,0.6607714518399854,0.7844969867829645,negFT20999
78,negFT17444,PC,PC 38:7,PC(16:1_22:6),M-H+FA,posFT34345,848.5447978,5.779299164,FT17444,neg,FT20904,FT17444,-0.0055721654716434,-0.1139830569145893,FT20904,0.5938666585087682,0.8159279333959268,negFT20904
79,negFT18954,PC,PC 40:3,PC(18:0_22:3). PC(18:1_22:2),M-H+FA,posFT36893,884.6382682,8.682246908,FT18954,neg,FT22777,FT18954,-0.0144807686749501,-0.5170346772919425,FT22777,0.3914446646803666,0.7281559636794963,negFT22777
80,negFT18886,PC,PC 40:4,PC(18:0_22:4),M-H+FA,posFT36746,882.6224804,8.120493571,FT18886,neg,FT22694,FT18886,-0.0094666161764713,-0.5425442438596187,FT22694,0.7190945041737962,0.6101823977323968,negFT22694
81,negFT18738,PC,PC 40:6,PC(18:1_22:5),M-H+FA,posFT36466,878.5911231,7.119747925,FT18738,neg,FT22505,FT18738,-0.005634856067,-0.542889408355525,FT22505,0.6310084556879133,0.7780298996777991,negFT22505
82,negFT18739,PC,PC 40:6,PC(22:4_18:2). PC(22:5_18:1),M-H+FA,posFT36467,878.5912258,6.770329793,FT18739,neg,FT22506,FT18739,0.0015100469472786,-0.6344323128108503,FT22506,0.5139119569667189,0.5688496009203668,negFT22506
83,negFT18740,PC,PC 40:6,PC(20:4_20:2),M-H+FA,,878.591349,6.634371185,FT18740,neg,FT22507,FT18740,-0.0296848776162361,-0.4916282707734644,FT22507,0.0385631668453359,0.4716012443962906,negFT22507
84,negFT18658,PC,PC 40:7,PC(18:1_22:6),M-H+FA,posFT36328,876.5755926,6.417921448,FT18658,neg,FT22397,FT18658,0.0023854408809622,-0.6527218147389421,FT22397,0.5852288983172028,0.7476909459669169,negFT22397
86,negFT18561,PC,PC 40:8,PC(18:2_22:6),M-H+FA,posFT36213,874.5601735,5.899345398,FT18561,neg,FT22292,FT18561,-0.0068742446491851,-0.5049168490936239,FT22292,0.542404733934284,0.7423499289154499,negFT22292
88,negFT20153,PC,PC 42:2,PC(18:1_24:1),M-H+FA,posFT38799,914.6850458,11.17610982,FT20153,neg,FT24118,FT20153,-0.0288231685263546,-0.918855666914378,FT24118,0.82813951979067,0.9216413969311632,negFT24118
89,negFT20080,PC,PC 42:3,PC(18:2_24:1). PC(24:3_18:0),M-H+FA,posFT38656,912.6693479,10.02596792,FT20080,neg,FT24018,FT20080,-0.0131282421239387,-1.1175190472254752,FT24018,0.5187698143125995,0.8709814971790715,negFT24018
90,negFT20014,PC,PC 42:4,PC(18:0_24:4),M-H+FA,posFT38543,910.6532152,9.057987976,FT20014,neg,FT23947,FT20014,-0.0145492273913134,-0.9801485639919618,FT23947,0.448624987009699,0.6288374938402095,negFT23947
92,negFT21253,PC,PC 44:1,PC(18:1_26:0),M-H+FA,posFT40592,944.7319137,13.99227295,FT21253,neg,FT25380,FT21253,-0.0099456574152565,-0.5018376654105412,FT25380,0.7611773351110007,0.7287863249448634,negFT25380
93,negFT21177,PC,PC 44:2,PC(18:1_26:1). PC(16:1_28:1),M-H+FA,posFT40490,942.7161175,12.86674093,FT21177,neg,FT25299,FT21177,0.003464328856884,-0.985627814041396,FT25299,0.7080079098723339,0.8841029932362654,negFT25299
95,negFT21653,PC,PC 45:2,PC(18:1_27:1). PC(17:1_28:1),M-H+FA,posFT41307,956.7318751,13.509876,FT21653,neg,FT25884,FT21653,-0.0205005868893675,-0.7452824517468621,FT25884,0.6830557053936557,0.7494746011940813,negFT25884
96,negFT22111,PC,PC 46:2,PC(18:1_28:1),M-H+FA,posFT42138,970.7473285,14.00263367,FT22111,neg,FT26476,FT22111,-0.0017738450696356,-0.8838632252664215,FT26476,0.5549133286600789,0.6867227616722394,negFT26476
97,negFT22047,PC,PC 46:3,PC(18:1_28:2). PC(18:2_28:1),M-H+FA,posFT42010,968.7311628,13.12966715,FT22047,neg,FT26394,FT22047,-0.0107676229774504,-0.9543390779536352,FT26394,0.4171771143061342,0.6992648230034807,negFT26394
98,negFT21912,PC,PC 46:5,PC(20:4_26:1),M-H+FA,posFT41773,964.7004412,11.47699788,FT21912,neg,FT26198,FT21912,-0.0165215563383487,-1.539382503109135,FT26198,0.751581747789588,0.9254642301764552,negFT26198
99,negFT19499,PC,PC 42:10,PC(20:4_22:6),M-H+FA,posFT37729,898.5600708,5.823169454,FT19499,neg,FT23401,FT19499,-0.0048279411935201,-0.5967545971032366,FT23401,0.4690368433628352,0.7502887954684453,negFT23401
100,negFT19575,PC,PC 42:9,PC(20:3_22:6),M-H+FA,posFT37923,900.5758765,6.074592082,FT19575,neg,FT23483,FT19575,-0.0059144573682319,-0.1777398948369635,FT23483,0.4073584979145417,0.6283004217821367,negFT23483
101,negFT19754,PC,PC 42:7,PC(22:6_20:1),M-H+FA,posFT38217,904.6067971,7.228326925,FT19754,neg,FT23690,FT19754,-0.0110298359744005,-0.7939431486695424,FT23690,0.8022503431151033,0.8505809984821275,negFT23690
102,negFT06275,LPE,LPE 20:2,LPE(20:2),M-H,posFT14823,504.3094051,3.084777578,FT06275,neg,FT06741,FT06275,0.0060940846028398,2.285280379597594,FT06741,0.2464136185398019,0.9217745673102654,negFT06741
103,negFT06308,LPE,LPE 20:1,LPE(20:1),M-H,posFT14905,506.3250619,3.485810852,FT06308,neg,FT06775,FT06308,-0.0089495922633626,2.2943154403388446,FT06775,0.474578673879335,0.9248680171066403,negFT06775
104,negFT07340,LPE,LPE 24:4,LPE(24:4),M-H,posFT18088,556.3409802,3.485906601,FT07340,neg,FT08164,FT07340,-0.0090845113872015,1.9539115067502055,FT08164,0.3556710262929676,0.8953021061487497,negFT08164
105,negFT11069,PE,PE 32:1,PE(14:0_18:1). PE(16:0_16:1),M-H,posFT26641,688.4925709,6.551544698,FT11069,neg,FT13026,FT11069,0.004930319205143,0.8524867546314147,FT13026,0.5799273920111587,0.4740994048571282,negFT13026
106,negFT12045,PE,PE 34:2,PE(16:1_18:1). PE(16:0_18:2),M-H,posFT28281,714.5082695,6.707237244,FT12045,neg,FT14167,FT12045,0.0085989781948052,0.7215153553346048,FT14167,0.4774767068521441,0.486390544004105,negFT14167
107,negFT11968,PE,PE 34:3,PE( 16:1_18:2),M-H,posFT28184,712.4927822,6.116727702,FT11968,neg,FT14079,FT11968,6.031790794747138e-05,0.6937154244613738,FT14079,0.6219434759110346,0.6038438493478587,negFT14079
108,negFT12694,PE,PE 35:1,PE(18:1_17:0),M-H,,730.5394856,7.963828532,FT12694,neg,FT14888,FT12694,-0.0010255585110083,0.3633162801851977,FT14888,0.5982657959137712,0.4615836262007167,negFT14888
109,negFT12617,PE,PE 35:2,PE(18:1_17:1),M-H,posFT29113,728.5238038,7.153118896,FT12617,neg,FT14794,FT12617,0.0005516706427313,0.5410973770162502,FT14794,0.873095443766394,0.8352003973992064,negFT14794
110,negFT12930,PE,PE 36:5,PE(16:1_20:4),M-H,posFT29625,736.4928142,6.067011007,FT12930,neg,FT15179,FT12930,0.0017057772004047,0.7345929681936719,FT15179,0.5793691587633114,0.6496165038790692,negFT15179
111,negFT12837,PE,PE 36:6,PE(22:6_14:0),M-H,posFT29497,734.4770235,5.732877604,FT12837,neg,FT15068,FT12837,-0.0007226374937951,0.8575904855638058,FT15068,0.7841966117630013,0.7014065874614054,negFT15068
112,negFT13638,PE,PE 37:4,PE(17:0_20:4),M-H,,752.5240393,7.119257609,FT13638,neg,FT16013,FT13638,0.0015934885742971,0.4265029130368971,FT16013,0.6771453981328103,0.442599711988936,negFT16013
113,negFT14327,PE,PE 38:1,PE(20:1_18:0),M-H,posFT32133,772.5864524,9.71771342,FT14327,neg,FT16986,FT14327,0.0003657092569344,-0.0242795126184533,FT16986,0.7818446860168784,0.1981250291788892,negFT16986
114,negFT14252,PE,PE 38:2,PE(18:1_20:1),M-H,posFT32023,770.5709087,8.640538534,FT14252,neg,FT16884,FT14252,-0.0098907431173049,0.4797072016871469,FT16884,0.8446281979300145,0.5953082600794656,negFT16884
115,negFT13896,PE,PE 38:7,PE(16:1_22:6). PE(16:0_22:7),M-H,posFT31255,760.492968,5.883226522,FT13896,neg,FT16379,FT13896,0.0012131755877353,0.6331465498850445,FT16379,0.7806167913945344,0.7221631083129454,negFT16379
116,negFT14734,PE,PE 39:4,PE(20:4_19:0),M-H,posFT32626,780.5567055,7.778527832,FT14734,neg,FT17535,FT14734,0.000672518297101,0.7514617703606012,FT17535,0.8111621584113684,0.4670829929717107,negFT17535
117,negFT15306,PE,PE 40:3,PE(22:3_18:0),M-H,,796.5856301,8.932202148,FT15306,neg,FT18300_0,FT15306,-0.0033639958992921,-0.3690286057837961,FT18300,0.6705035261212635,0.6553783370818727,negFT18300_0
118,negFT15223,PE,PE 40:4,PE(18:0_22:4),M-H,posFT33744,794.5704484,8.364515686,FT15223,neg,FT18204,FT15223,-0.0060127367503284,0.3753583292083154,FT18204,0.805844198911193,0.6436851090429205,negFT18204
119,negFT15036,PE,PE 40:6,PE(18:0_22:6),M-H,posFT33466,790.5389451,7.327704366,FT15036,neg,FT17981,FT15036,0.000233527708545,0.1358036821827098,FT17981,0.8295576753947852,0.7379804704051321,negFT17981
120,negFT16315,PE,PE 42:5,PE(18:0_24:5). PE(22:3_20:2),M-H,,820.5882608,8.783246867,FT16315,neg,FT19535,FT16315,-0.0156377169799952,1.0247848756354634,FT19535,0.7225566513569631,0.6029617403239805,negFT19535
121,negFT16241,PE,PE 42:6,PE(20:0_22:6),M-H,posFT35562,818.570602,8.414681753,FT16241,neg,FT19446,FT16241,-0.0084882051137604,-0.0944231622572575,FT19446,0.7401864191578539,0.654354086533525,negFT19446
122,negFT15932,PE,PE 42:10,PE(22:6_20:4),M-H,posFT34939,810.5081657,5.93320109,FT15932,neg,FT19058,FT15932,-0.0009279469126282,0.0772756740665297,FT19058,0.7099756707333071,0.6781093937682516,negFT19058
123,negFT16168,PE,PE 42:7,PE(20:1_22:6). PE(20:4_22:3),M-H,posFT35370,816.5545247,7.428026326,FT16168,neg,FT19354,FT16168,-0.00460470853917,-0.3173109313782083,FT19354,0.7443835906523982,0.5383754270579946,negFT19354
124,negFT13336,PG,PG 34:2,PG(16:1_18:1). PG(18:2_16:0),M-H,,745.5030076,5.53249588,FT13336,neg,FT15636,FT13336,0.0065339107022666,1.1169085966395524,FT15636,0.3368432399697542,0.7466638222301684,negFT15636
125,negFT15166,PG,PG 38:6,PG(18:2_20:4),M-H,,793.5024122,5.265169779,FT15166,neg,FT18143,FT15166,-0.0096807206545825,0.1393922976649288,FT18143,0.4478462850477709,0.8481700104410336,negFT18143
126,negFT16269,PG,PG 40:7,PG(18:1_22:6),M-H,posFT35614,819.517467,5.490723165,FT16269,neg,FT19486,FT16269,-0.008184907434952,0.2888789487983686,FT19486,0.2298697217713899,0.816172416071045,negFT19486
127,negFT16197,PG,PG 40:8,PG(18:2_22:6),M-H,posFT35487,817.5024231,5.148384603,FT16197,neg,FT19383,FT16197,0.0042670847335823,-0.1507591437484726,FT19383,0.6567010919859468,0.8081446044956547,negFT19383
128,negFT17263,PG,PG 42:9,PG(20:3_22:6),M-H,,843.5177576,5.265078735,FT17263,neg,FT20681,FT17263,-0.0147577183057849,-0.6175107289205707,FT20681,0.5066893772944379,0.7551036232772994,negFT20681
129,negFT10483,PE_P,PE_P 32:1,PE(P-18:1_14:0),M-H,posFT25611,672.4976689,7.011142731,FT10483,neg,FT12326,FT10483,0.0073194801369922,1.1968645640989106,FT12326,0.7897758049061477,0.854145478166133,negFT12326
130,negFT10999,PE_P,PE_P 33:1,PE(P-18:1_15:0). PE(P-17:1_16:0),M-H,posFT26483,686.5132956,7.510687256,FT10999,neg,FT12948,FT10999,-0.0003569051764396,0.8407719107020335,FT12948,0.871062147904868,0.8393659695204542,negFT12948
131,negFT11463,PE_P,PE_P 34:2,PE(P-18:1_16:1). PE(P-16:1_18:1),M-H,posFT27312,698.5132333,7.169961039,FT11463,neg,FT13448,FT11463,0.0073857287073604,1.0488493352697474,FT13448,0.7163786038240478,0.7432451733812878,negFT13448
132,negFT12048,PE_P,PE_P 35:1,PE(P-18:0_17:1). PE(P-17:0_18:1). PE(P-16:0_19:1),M-H,posFT28284,714.5448106,8.614573669,FT12048,neg,FT14171,FT12048,-0.0043670959944979,1.0023997170563073,FT14171,0.8647657403122156,0.8441229953196383,negFT14171
133,negFT11972,PE_P,PE_P 35:2,PE(P-18:1_17:1). PE(P-17:1_18:1),M-H,posFT28191,712.5290518,7.696370443,FT11972,neg,FT14082,FT11972,0.0034739091831363,0.966775752033596,FT14082,0.8613266553399566,0.9215508913106794,negFT14082
134,negFT12539,PE_P,PE_P 36:2,PE(P-18:1_18:1),M-H,posFT28981,726.5444318,8.190706889,FT12539,neg,FT14691,FT12539,0.0001299606222247,0.9339823059666816,FT14691,0.834635190125155,0.9102612456094424,negFT14691
135,negFT12449,PE_P,PE_P 36:3,PE(P-18:2_18:1). PE(P-18:1_18:2). PE(P-16:0_20:3),M-H,posFT28866,724.5288656,7.49566803,FT12449,neg,FT14584,FT12449,0.0062340272146235,0.543250889768254,FT14584,0.7676122820707696,0.7732887177254227,negFT14584
136,negFT12273,PE_P,PE_P 36:5,PE(P-16:0_20:5),M-H,posFT28631,720.4975772,6.527320862,FT12273,neg,FT14397,FT12273,0.0031138813928546,0.4168249548837152,FT14397,0.4524535827999454,0.466453813533537,negFT14397
137,negFT13227,PE_P,PE_P 37:1,PE(P-16:0_21:1),M-H,posFT30090,742.5760338,9.826141866,FT13227,neg,FT15494,FT13227,0.0044617082862163,-0.0646442233022797,FT15494,0.8964293350223443,0.8913495913896139,negFT15494
138,negFT13120,PE_P,PE_P 37:2,PE(P-19:1_18:1). PE(P-18:1_19:1). PE(P-17:0_20:2),M-H,posFT29930,740.5605598,8.746519979,FT13120,neg,FT15379,FT13120,-0.0031785398133692,0.6886683546542528,FT15379,0.8915628984323805,0.9226473025843726,negFT15379
139,negFT13027,PE_P,PE_P 37:3,PE(P-17:0_20:3). PE(P-16:0_21:3),M-H,,738.5446493,8.055208842,FT13027,neg,FT15282,FT13027,-0.0071555284801956,0.6077632085695228,FT15282,0.84032184177425,0.8932250357840996,negFT15282
140,negFT12933,PE_P,PE_P 37:4,PE(P-18:0_19:4). PE(P-17:0_20:4),M-H,posFT29630,736.528867,7.637541707,FT12933,neg,FT15182,FT12933,-0.0025428840727768,0.6014233904251375,FT15182,0.6416022609862521,0.3667023337005898,negFT15182
141,negFT13789,PE_P,PE_P 38:1,PE(P-18:1_20:0). PE(P-18:0_20:1). PE(P-16:0_22:1),M-H,posFT30973,756.5915924,10.55562642,FT13789,neg,FT16196,FT13789,0.0304303903417668,0.4536559621075259,FT16196,0.8447565385881134,0.7614675472591111,negFT16196
142,negFT13720,PE_P,PE_P 38:2,PE(P-18:1_20:1),M-H,posFT30855,754.5761716,9.320163981,FT13720,neg,FT16112,FT13720,-0.0054758105190533,0.4856711261640704,FT16112,0.8868791487614942,0.907198208010742,negFT16112
143,negFT13722,PE_P,PE_P 38:2,PE(P-18:1_20:1). PE(P-20:1_18:1). PE(P-18:0_20:2). PE(P-16:0_22:2),M-H,posFT30860,754.5754644,9.625336202,FT13722,neg,FT16113,FT13722,-0.0005170462116979,-0.1079219627503152,FT16113,0.8491570178532322,0.8334692391107795,negFT16113
144,negFT14188,PE_P,PE_P 39:2,PE(P-18:1_21:1),M-H,posFT31885,768.5915545,9.978361003,FT14188,neg,FT16794,FT14188,0.0003805211212135,0.337116365430446,FT16794,0.8892308147018061,0.9021382091322772,negFT16794
145,negFT14039,PE_P,PE_P 39:4,PE(P-17:0_22:4),M-H,posFT31631,764.5602222,8.395646667,FT14039,neg,FT16590,FT14039,-0.0055036221541602,0.5432067696603616,FT16590,0.7453022729749343,0.6268546334862922,negFT16590
146,negFT14805,PE_P,PE_P 40:2,PE(P-18:1_22:1). PE(P-18:0_22:2),M-H,posFT32760,782.607115,10.69210612,FT14805,neg,FT17637,FT14805,-0.0174843477590975,0.3372447718794097,FT17637,0.8484846889111136,0.8499107652345929,negFT17637
147,negFT14742,PE_P,PE_P 40:3,PE(P-18:1_22:2),M-H,posFT32631,780.591189,9.523081462,FT14742,neg,FT17540,FT14742,-0.0035128943565396,0.0757828199170807,FT17540,0.7949375814365877,0.7505769238369233,negFT17540
148,negFT14743,PE_P,PE_P 40:3,PE(P-18:1_22:2). PE(P-18:0_22:3). PE(P-16:0_24:3),M-H,,780.5914784,9.700280762,FT14743,neg,FT17547,FT14743,0.0040319786228888,-1.4087867344410838,FT17547,0.7385830905012503,0.5681420622563268,negFT17547
149,negFT14741,PE_P,PE_P 40:3,PE(P-18:0_22:3),M-H,posFT32630,780.591541,10.0239268,FT14741,neg,FT17541,FT14741,0.002523610093009,0.269516204798294,FT17541,0.4967674493251524,0.86903634162932,negFT17541
151,negFT15742,PE_P,PE_P 42:4,PE(P-18:0_24:4). PE(P-20:1_22:3),M-H,posFT34630,806.6064851,10.06404165,FT15742,neg,FT18856,FT15742,0.0039054156498323,-0.2513421151907896,FT18856,0.7086546193654238,0.7079370948899447,negFT18856
152,negFT15517,PE_O,PE_O 42:7,PE(O-18:2_24:5),M-H,,802.5761831,8.055765279,FT15517,neg,FT18601,FT15517,-0.001339197780485,0.1098126752065817,FT18601,0.845112862565789,0.906908143975876,negFT18601
153,negFT14322,PE_P,PE_P 40:7,PE(P-18:1_22:6),M-H,posFT32122,772.5287791,6.970402527,FT14322,neg,FT16978,FT14322,0.0069784197584912,0.2944845035207148,FT16978,0.5604860037978859,0.6111679798470195,negFT16978
154,negFT14245,PE_P,PE_P 40:8,PE(P-18:2_22:6),M-H,,770.5134462,6.367770386,FT14245,neg,FT16876,FT14245,-0.0029641282912029,0.2379442650801894,FT16876,0.7748093386152336,0.7069307317427418,negFT16876
155,negFT15039,PE_P,PE_P 41:5,PE(P-19:1_22:4). PE(P-17:1_24:4),M-H,,790.5763704,8.523311615,FT15039,neg,FT17985,FT15039,-0.0050503847317298,0.913082801589892,FT17985,0.8281931385840889,0.8983702027293919,negFT17985
156,negFT14904,PE_P,PE_P 41:7,PE(P-19:1_22:6),M-H,,786.542139,7.445488485,FT14904,neg,FT17810,FT14904,-0.0010559906003786,0.204829615630857,FT17810,0.6144714773214247,0.6770260045227063,negFT17810
157,negFT15630,PE_O,PE_O 42:6,PE(O-18:2_24:4),M-H,posFT34494,804.5906928,8.898475138,FT15630,neg,FT18737,FT15630,-0.0100952799681319,0.6812576050858342,FT18737,0.7329782285718821,0.8876425291171393,negFT18737
158,negFT15631,PE_O,PE_O 42:6,PE(O-20:2_22:4). PE(O-18:2_24:4),M-H,posFT34493,804.5892388,9.11882019,FT15631,neg,FT18738,FT15631,-0.0017053397795478,-0.3211536913490802,FT18738,0.2962866845046972,0.5342036053217114,negFT18738
159,negFT15445,PE_P,PE_P 42:7,PE(P-18:1_24:6),M-H,,800.5615361,7.592894745,FT15445,neg,FT18484,FT15445,-0.0098254739968188,1.0406958209097397,FT18484,0.7294022455615407,0.7957217886042798,negFT18484
160,negFT12840,PC_P,PC_P 30:0,PC(P-16:0_14:0),M-H+FA,posFT26644,734.5343533,6.635095723,FT12840,neg,FT15077,FT12840,0.0013290435645219,0.582123459617951,FT15077,0.5518887727078654,0.6334951684615513,negFT15077
161,negFT13901,PC_P,PC_P 32:1,PC(P-18:1_14:0),M-H+FA,posFT28283,760.5493703,6.802324931,FT13901,neg,FT16383,FT13901,-0.0023900598627326,0.2655588218088645,FT16383,0.7493396502188199,0.9109230444703994,negFT16383
162,negFT14965,PC_P,PC_P 34:1,PC(P-18:1_16:0). PC( P-16:0_18:1),M-H+FA,posFT30088,788.5812108,7.746191915,FT14965,neg,FT17899,FT14965,-0.0041251536154156,0.3238903340655398,FT17899,0.7712625312039438,0.9538356116685756,negFT17899
163,negFT14905,PC_P,PC_P 34:2,PC(P-18:1_16:1),M-H+FA,posFT29929,786.5649308,6.986041768,FT14905,neg,FT17811,FT14905,-0.0026693562157973,0.2156493722177293,FT17811,0.597301417150496,0.8100816064396784,negFT17811
164,negFT16175,PC_O,PC_O 36:2,PC(O-18:0_18:2). PC(O-16:0_20:2). PC(O-18:1_18:1),M-H+FA,posFT32026,816.6112261,7.988268026,FT16175,neg,FT19362,FT16175,-0.0112679056339644,-0.1589877376230787,FT19362,0.7440629394890689,0.961750161987124,negFT19362
165,negFT16174,PC_P,PC_P 36:1,PC(P-18:0_18:1). PC(P-16:0_20:1),M-H+FA,posFT32029,816.6125887,8.932411702,FT16174,neg,FT19361,FT16174,-0.0106150603264154,-0.0189842012856579,FT19361,0.7613883806613809,0.9290687039744302,negFT19361
166,negFT16102,PC_P,PC_P 36:2,PC(P-18:1_18:1),M-H+FA,posFT31881,814.5968907,7.937885793,FT16102,neg,FT19263,FT16102,-0.0094226189708939,-0.0484197711909808,FT19263,0.7201288995903392,0.9649630456275682,negFT19263
168,negFT16022,PC_O,PC_O 36:4,PC(O-18:2_18:2),M-H+FA,posFT31766,812.5802332,6.986295573,FT16022,neg,FT19164_1,FT16022,0.0063088042034884,-0.529157670752017,FT19164,0.604511449584269,0.767774356088556,negFT19164_1
169,negFT17241,PC_P,PC_P 38:2,PC(P-18:2_20:0),M-H+FA,posFT33882,842.6286698,9.022608948,FT17241,neg,FT20652,FT17241,-0.0540753344790125,0.0920719872372085,FT20652,0.6365639362054409,0.7707828425454691,negFT20652
170,negFT17160,PC_O,PC_O 38:4,PC(O-16:0_22:4),M-H+FA,posFT33748,840.6120058,7.662679545,FT17160,neg,FT20537,FT17160,-0.0099795961192121,-0.1500137414614657,FT20537,0.6658768120739481,0.8345169850443348,negFT20537
171,negFT17083,PC_P,PC_P 38:4,PC(P-18:0_20:4),M-H+FA,posFT33610,838.5966219,7.929879761,FT17083,neg,FT20446,FT17083,-0.008690945292999,-0.3633623882977104,FT20446,0.7003862840206017,0.6260082517724461,negFT20446
172,negFT17007,PC_P,PC_P 38:5,PC(P-18:1_20:4),M-H+FA,posFT33474,836.580667,7.06941274,FT17007,neg,FT20356,FT17007,-0.0031409746110098,-0.2809516956888113,FT20356,0.7006355026042395,0.9194344632596372,negFT20356
173,negFT16929,PC_P,PC_P 38:6,PC(P-16:0_22:6),M-H+FA,posFT33320,834.5636542,6.654877218,FT16929,neg,FT20264,FT16929,-0.0024638220524764,-0.0276442417466453,FT20264,0.3873215371282145,0.6569742229629093,negFT20264
174,negFT05262,LPE,LPE 16:0,LPE(16:0),M-H,posFT11864,452.2777268,2.733248901,FT05262,neg,FT05602,FT05262,-0.0053664252266321,2.4619328617761727,FT05602,0.2778182778063546,0.5354786228260396,negFT05602
175,negFT05841,LPE,LPE 18:0,LPE(18:0),M-H,posFT13380,480.3091359,3.469151306,FT05841,neg,FT06187,FT05841,-0.0090817250888077,2.2776126764349023,FT06187,0.6091826474588558,0.6552764697327621,negFT06187
176,negFT06826,LPE,LPE 22:3,LPE(22:3),M-H,,530.3251654,3.372408168,FT06826,neg,FT07500,FT06826,-0.0125233232247969,2.2200347872289607,FT07500,0.2459600590365461,0.8729699312936663,negFT07500
177,negFT12932,PC,PC 29:0,PC(15:0_14:0),M-H+FA,posFT26763,736.5131318,5.858087667,FT12932,neg,FT15181,FT12932,-0.0009862071811097,0.2617407593822538,FT15181,0.5977683410507022,0.8312702954444492,negFT15181
178,negFT14038,PC,PC 31:0,PC(15:0_16:0),M-H+FA,posFT28491,764.5436464,6.593410746,FT14038,neg,FT16588,FT14038,0.0029460437994899,0.4913811072886838,FT16588,0.7278417170140129,0.7842908565770581,negFT16588
179,negFT13960,PC,PC 31:1,PC(14:0_17:1). PC(15:0_16:1). PC(15:1_16:0),M-H+FA,posFT28383,762.5285907,6.047309367,FT13960,neg,FT16481,FT13960,-0.0105382917062968,0.548578541970304,FT16481,0.1767264975358128,0.7639466822738493,negFT16481
180,negFT14960,PC,PC 33:2,PC(16:1_17:1). PC(16:0_17:2),M-H+FA,posFT30085,788.5434577,6.175264994,FT14960,neg,FT17894,FT14960,0.0041721513404873,0.1203555638126162,FT17894,0.2702624419516209,0.7631462316738943,negFT17894
181,negFT15369,PC,PC 34:4,PC(14:0_20:4). PC(20:3_14:1),M-H+FA,posFT30726,798.5306794,5.799591064,FT15369,neg,FT18386,FT15369,-0.003358825167866,0.4355494966006388,FT18386,0.5028042204085209,0.7913245778816226,negFT18386
182,negFT16320,PC,PC 35:0,PC(17:0_18:0),M-H+FA,posFT32238,820.6065238,8.648625692,FT16320,neg,FT19540,FT16320,-0.0141206965831433,0.5438776450997184,FT19540,0.6866057267731721,0.738545759731022,negFT19540
183,negFT16019,PC,PC 35:4,PC(15:0_20:4),M-H+FA,posFT31760,812.542621,6.125085449,FT16019,neg,FT19158,FT16019,-0.000360404137492,-0.334911118197459,FT19158,0.6128694153762827,0.7828115477613943,negFT19158
184,negFT16528,PC,PC 36:4,PC(18:2_18:2),M-H+FA,posFT32625,826.5602493,6.132430013,FT16528,neg,FT19803,FT16528,0.0002514198319012,0.268152920032619,FT19803,0.5393464558470841,0.7462065437366795,negFT19803
185,negFT16462,PC,PC 36:5,PC(16:0_20:5). PC(16:1_20:4),M-H+FA,posFT32498,824.5449089,5.970825704,FT16462,neg,FT19714,FT16462,-0.0063240122715964,0.1097875433904498,FT19714,0.543288167492453,0.7351320889577615,negFT19714
186,negFT17377,PC,PC 37:1,PC(17:0_20:1). PC(18:1_19:0). PC(18:0_19:1),M-H+FA,posFT34214,846.6235471,8.758369446,FT17377,neg,FT20835,FT17377,-0.0066100829280042,-0.5432853464294057,FT20835,0.5411276339683789,0.5860121438913665,negFT20835
187,negFT17309,PC,PC 37:2,PC(17:1_20:1). PC(18:1_19:1). PC(18:0_19:2),M-H+FA,posFT34060,844.606851,7.904218038,FT17309,neg,FT20741,FT17309,-0.0145592405405778,-0.3429831018940968,FT20741,0.7144650350741542,0.9100146299489452,negFT20741
188,negFT17157,PC,PC 37:4,PC(17:0_20:4),M-H+FA,posFT33743,840.575493,6.935922241,FT17157,neg,FT20534,FT17157,0.0004588777438341,-0.1677530103166723,FT20534,0.6679941205432356,0.7623428568464838,negFT20534
189,negFT17079,PC,PC 37:5,PC(17:1_20:4),M-H+FA,posFT33603,838.5592227,6.300958252,FT17079,neg,FT20441,FT17079,-0.0001847394578682,0.7442964809800586,FT20441,0.5635957010431838,0.6586472450708338,negFT20441
190,negFT18153,PC,PC 39:6,PC(17:0_22:6),M-H+FA,posFT35560,864.5758922,6.677863057,FT18153,neg,FT21779,FT18153,-0.0016922946047372,-0.164720849635585,FT21779,0.6920572136128824,0.8504237219804653,negFT21779
191,negFT19110,PC,PC 40:1,PC(16:0_24:1),M-H+FA,posFT37156,888.6698893,10.79563395,FT19110,neg,FT22977,FT19110,-0.0041449486585385,-0.8077333415879847,FT22977,0.5857302242648407,0.1853404053937651,negFT22977
192,negFT19023,PC,PC 40:2,PC(18:1_22:1). PC(20:1_20:1). PC(16:1_24:1),M-H+FA,posFT37020,886.6543326,9.674219767,FT19023,neg,FT22880,FT19023,1.5244633377875516e-06,-0.757208112385114,FT22880,0.7583233531244531,0.8472843622766512,negFT22880
193,negFT18812,PC,PC 40:5,PC(20:1_20:4),M-H+FA,posFT36606,880.6068781,7.529116567,FT18812,neg,FT22608,FT18812,-0.0031698976968232,-0.7061044200109472,FT22608,0.590836589308186,0.2801681106242715,negFT22608
194,negFT19658,PC,PC 42:8,PC(20:4_22:4),M-H+FA,posFT38095,902.5911628,6.544530996,FT19658,neg,FT23587,FT19658,-0.0039290437156385,-1.0637465647063855,FT23587,0.5051849535308599,0.6172332526669053,negFT23587
195,negFT13023,PE,PE 36:4,PE(16:0_20:4),M-H,posFT29764,738.5081753,6.66860199,FT13023,neg,FT15279,FT13023,0.0058893289402188,0.5445702951850031,FT15279,0.7211330132067749,0.5348065907684352,negFT15279
196,negFT13024,PE,PE 36:4,PE(16:1_20:3). PE(18:2_18:2),M-H,,738.5082315,6.275914256,FT13024,neg,FT15277,FT13024,0.0009140889892869,0.7006428656226737,FT15277,0.4355851380560164,0.6428908619370367,negFT15277
197,negFT14037,PE,PE 38:5,PE(18:1_20:4). PE(16:0_22:5). PE(16:1_22:4),M-H,posFT31627,764.5238078,6.835573324,FT14037,neg,FT16585,FT14037,-6.760944477157693e-05,0.4645674475505755,FT16585,0.4123894799228207,0.5364527308426306,negFT16585
198,negFT14525,PE,PE 39:6,PE(17:0_22:6),M-H,posFT32384,776.525023,6.849568176,FT14525,neg,FT17245,FT14525,-0.0058568285373299,1.1616649100167855,FT17245,0.8181006326788061,0.7449383728444834,negFT17245
199,negFT14900,PE,PE 40:8,PE(18:2_22:6). PE(20:4_20:4),M-H,posFT33104,786.5083579,6.016875203,FT14900,neg,FT17805,FT14900,-0.0026098931437745,0.358784154569303,FT17805,0.7613997583699618,0.7454639894407006,negFT17805
200,negFT11609,PE_P,PE_P 34:0,PE(P-18:0_16:0),M-H,posFT27543,702.5482831,8.993347677,FT11609,neg,FT13607,FT11609,0.0175157460030668,5.642023869234697,FT13607,0.479036846423243,0.330815491208329,negFT13607
201,negFT13641,PE_P,PE_P 38:3,PE(P-16:0_22:3). PE(P-18:0_20:3). PE(P-18:1_20:2),M-H,posFT30731,752.5602549,8.631768799,FT13641,neg,FT16020,FT13641,-0.0015456483184763,0.5831630572837141,FT16020,0.3673973420499424,0.4953257435114623,negFT16020
202,negFT13646,PE_P,PE_P 38:3,PE(P-16:0_22:3). PE(P-18:1_20:2). PE(P-18:2_20:1),M-H,posFT30732,752.560335,8.446740723,FT13646,neg,FT16021,FT13646,0.0072681654075594,0.7198189258870142,FT16021,0.8377037717922055,0.653005355714617,negFT16021
203,negFT13642,PE_O,PE_O 38:4,PE(O-16:0_22:4). PE(O-18:1_20:3). PE(O-16:1_22:3),M-H,,752.5560445,7.880045319,FT13642,neg,FT16015,FT13642,-0.0085178192648367,0.6473325714009122,FT16015,0.2957497526439051,0.459999336956351,negFT16015
204,negFT15515,PE_P,PE_P 42:6,PE(P-20:0_22:6),M-H,posFT34352,802.5756831,9.049700928,FT15515,neg,FT18600,FT15515,0.0016595645317547,0.211138284348795,FT18600,0.764471606252308,0.6366709254956155,negFT18600
205,negFT13467,PE_P,PE_P 38:5,xxxnotpossxxx. PE(P-16:0_22:5). PE(P-18:1_20:4)???,M-H,posFT30432,748.5253838,6.894110616,FT13467,neg,FT15787,FT13467,0.0051057154239275,-0.1485778597361622,FT15787,0.7111057271493151,0.3760495621815534,negFT15787
206,negFT14737,PE_O,PE_O 40:4,PE(O-18:0_22:4),M-H,,780.5862688,9.058799235,FT14737,neg,FT17539,FT14737,0.0328162911603069,-2.630170588621652,FT17539,0.58899690719982,0.5337608720639326,negFT17539
207,negFT15516,PE_P,PE_P 42:6,PE(P-18:1_24:5),M-H,,802.5755686,8.54648234,FT15516,neg,FT18598,FT15516,-0.012217355254215,0.1267945834575182,FT18598,0.3934410269628008,0.395100860665842,negFT18598
208,negFT15444,PE_P,PE_P 42:7,PE(P-20:1_22:6),M-H,,800.5601403,7.938934326,FT15444,neg,FT18483,FT15444,-0.0017965547737706,0.0976610558653307,FT18483,0.7325712283220586,0.6968570603196361,negFT18483
209,negFT13966,PC_O,PC_O 32:1,PC(O-16:0_16:1). PC(O-18:1_14:0). PC(O-18:1_14:0),M-H+FA,posFT28390,762.5655227,6.863286845,FT13966,neg,FT16489,FT13966,-0.00380435861811,0.4231535544566999,FT16489,0.6784773891417174,0.9062070170910448,negFT16489
210,negFT16721,PC_P,PC_P 37:1,PC(P-16:0_21:1),M-H+FA,posFT32892,830.6273951,9.402034505,FT16721,neg,FT20034,FT16721,0.0012829454390264,0.1148463830853903,FT20034,0.7025407897051541,0.7763524607055183,negFT20034
211,negFT17313,PC_P,PC_P 38:1,PC(P-18:0_20:1). PC(P-16:0_22:1),M-H+FA,posFT34068,844.643745,10.14128621,FT17313,neg,FT20745,FT17313,0.0046685888958872,-0.5872843297242392,FT20745,0.6843171570834871,0.733883360281584,negFT20745
212,negFT17161,PC_O,PC_O 38:4,PC(O-18:0_20:4). PC(O-16:0_22:4),M-H+FA,posFT33746,840.6109996,8.029812368,FT17161,neg,FT20538,FT17161,-0.0122278333531848,-0.3404823867756298,FT20538,0.4970701192112758,0.4888968131989912,negFT20538
213,negFT18395,PC_P,PC_P 40:2,PC(P-18:1_22:1). PC(P-16:0_24:2),M-H+FA,,870.6600656,10.13030599,FT18395,neg,FT22089,FT18395,0.0125026960018903,-0.3161332290900372,FT22089,0.3554766279854131,0.7383288060093788,negFT22089
215,negFT12935,PC_O,PC_O 30:0,PC(O-16:0_14:0),M-H+FA,posFT26765,736.5495889,6.66888148,FT12935,neg,FT15183,FT12935,0.0035745609253368,0.4890604891399024,FT15183,0.4826670239955183,0.4524656339150648,negFT15183
216,negFT14041,PC_O,PC_O 32:0,PC(O-16:0_16:0),M-H+FA,posFT28495,764.580286,7.587554932,FT14041,neg,FT16592,FT14041,-0.0060826258081716,0.5232065875913785,FT16592,0.582592821608019,0.6646630648490075,negFT16592
217,negFT15137,PC_O,PC_O 34:0,PC(O-18:0_16:0),M-H+FA,posFT30347,792.6124289,8.764534505,FT15137,neg,FT18109,FT15137,-0.0210184722243287,0.2526082173113506,FT18109,0.5949473220204934,0.782157690504854,negFT18109
218,negFT15042,PC_O,PC_O 34:1,PC(O-18:1_16:0). PC(O-16:0_18:1),M-H+FA,posFT30244,790.5964841,7.771408081,FT15042,neg,FT17987,FT15042,0.0142540720587422,0.2138206247142681,FT17987,0.7178172886016606,0.9085062372103364,negFT17987
219,negFT14966,PC_O,PC_O 34:2,PC(O-18:1_16:1). PC(O-16:0_18:2). PC(O-16:1_18:1),M-H+FA,posFT30089,788.5815099,7.044572957,FT14966,neg,FT17900_0,FT14966,-0.0021655600674934,0.0900485117665608,FT17900,0.5538168322405537,0.8157359745342523,negFT17900_0
220,negFT15518,PC_O,PC_O 35:2,PC(O-18:1/17:1). PC(O-17:1/18:1),M-H+FA,posFT30975,802.595379,7.520885213,FT15518,neg,FT18603,FT15518,-0.0043782673061913,0.483746549028795,FT18603,0.7931927786637087,0.9598883329318406,negFT18603
221,negFT16247,PC_O,PC_O 36:1,PC(O-18:0_18:1). PC(O-16:0_20:1),M-H+FA,,818.6278782,9.082957967,FT16247,neg,FT19455,FT16247,-0.0148240199833935,0.0903295216845328,FT19455,0.752662090587849,0.9210859702805404,negFT19455
222,negFT17381,PC_O,PC_O 38:1,PC(O-18:0_20:1). PC(O-16:0_22:1),M-H+FA,posFT34219,846.6583054,10.21382548,FT17381,neg,FT20838,FT17381,0.0172404536526666,-0.3945328748799719,FT20838,0.7678523494804641,0.8898366353576574,negFT20838
224,negFT17082,PC_O,PC_O 38:5,PC(O-18:1_20:4). PC(O-16:0_22:5) ,M-H+FA,posFT33609,838.5955095,7.128116862,FT17082,neg,FT20448,FT17082,0.0016708378659986,0.3735340226306105,FT20448,0.654975923679863,0.7653397952739979,negFT20448
225,negFT17008,PC_O,PC_O 38:6,PC(O-16:0_22:6) ,M-H+FA,posFT33471,836.580194,6.718661499,FT17008,neg,FT20359,FT17008,-0.0026579793225716,-0.3396839544656734,FT20359,0.2514038070071429,0.5295070748954688,negFT20359
226,negFT18309,PC_O,PC_O 40:4,PC(O-18:0_22:4) ,M-H+FA,posFT35864,868.6440604,8.815804036,FT18309,neg,FT21964,FT18309,-0.0158533669115232,-0.8672791871844165,FT21964,0.2519987222497047,0.6089637568459777,negFT21964
227,negFT18231,PC_P,PC_P 40:4,PC(P-16:0_24:4). PC(P-18:1_22:3) ,M-H+FA,posFT35698,866.6279774,8.438701375,FT18231,neg,FT21865,FT18231,-0.0154931197066083,-0.4153687752124149,FT21865,0.6713808020643278,0.927443547060546,negFT21865
228,negFT18157,PC_P,PC_P 40:5,PC(P-18:1_22:4) ,M-H+FA,posFT35566,864.6119822,7.70439504,FT18157,neg,FT21784,FT18157,-0.0044236261595278,-0.5364598013152232,FT21784,0.5755713121897428,0.8506175010786625,negFT21784
229,negFT18071,PC_O,PC_O 40:7,PC(O-18:1_22:6) ,M-H+FA,posFT35379,862.5954277,6.869137573,FT18071,neg,FT21702,FT18071,-0.0039721213693812,1.2848648003747711,FT21702,0.5590530720024561,0.644924369351613,negFT21702
230,negFT17810,PI,PI 36:4,PI(16:0_20:4),M-H,posFT38143,857.5183653,5.724553935,FT17810,neg,FT21411,FT17810,0.0009834076825061,-0.1136399637191683,FT21411,0.4216584436101904,0.5672717630793065,negFT21411
231,negFT18982,PI,PI 38:4,PI(18:0_20:4),M-H,posFT39800,885.5493568,6.414360046,FT18982,neg,FT22817,FT18982,0.0059172305839414,-0.8314421926171107,FT22817,0.017582326293122,0.4827352246528117,negFT22817
232,negFT18910,PI,PI 38:5,PI(18:1_20:4),M-H,posFT39701,883.5338476,5.841429901,FT18910,neg,FT22726,FT18910,0.0026937209661586,-0.4098043391186353,FT22726,0.233748150806233,0.5563120682817286,negFT22726
233,negFT18845,PI,PI 38:6,PI(16:0_22:6),M-H,,881.5196794,5.557553609,FT18845,neg,FT22645,FT18845,0.0007918099265546,0.2022678033131683,FT22645,0.6160808745071733,0.6015926055194678,negFT22645
234,negFT19959,PI,PI 40:6,PI(18:0_22:6),M-H,posFT41235,909.5527314,6.217042287,FT19959,neg,FT23896,FT19959,-0.0041355075806555,-0.7359483999352345,FT23896,0.3489622385376168,0.2153732256698869,negFT23896
235,negFT18073,SulfoHexCer,SulfoHexCer d40:1,SulfoHexCer d40:1,M-H,posFT38429,862.6079326,7.871054586,FT18073,neg,FT21703,FT18073,0.0109821030289491,-0.2769217599503213,FT21703,0.7960672151571272,0.9270525723246952,negFT21703
236,negFT18671,SulfoHexCer,SulfoHexCer d41:1,SulfoHexCer(d18:1/23:0),M-H,posFT39318,876.6240028,8.431437683,FT18671,neg,FT22402,FT18671,0.0100026554027383,0.9658832978036216,FT22402,0.7491660614273277,0.911828755820478,negFT22402
237,negFT18741,SulfoHexCer,SulfoHexCer t40:1,SulfoHexCer t40:1,M-H,posFT39435,878.602566,7.612585958,FT18741,neg,FT22508,FT18741,0.0322141360105616,-0.6296296199480059,FT22508,0.7161801272839342,0.85877631161576,negFT22508
238,negFT19102,SulfoHexCer,SulfoHexCer d42:2,SulfoHexCer(d18:1/24:1),M-H,posFT39979,888.623794,7.872855886,FT19102,neg,FT22971,FT19102,0.0188920002460797,-0.4353494383110051,FT22971,0.7443496832807074,0.949304888793426,negFT22971
239,negFT19203,SulfoHexCer,SulfoHexCer d42:1,SulfoHexCer (d18:1/24:0),M-H,posFT40114,890.6394677,9.049649524,FT19203,neg,FT23070,FT19203,0.0261004035242233,-0.4357923255415424,FT23070,0.7841599719169701,0.9146625150081252,negFT23070
240,negFT19278,SulfoHexCer,SulfoHexCer t41:1,SulfoHexCer t41:1,M-H,,892.619655,8.148628743,FT19278,neg,FT23144,FT19278,0.0261855833203643,-1.133471340690797,FT23144,0.4315487288367746,0.8506716554363943,negFT23144
241,negFT19664,SulfoHexCer,SulfoHexCer d43:2,SulfoHexCer(d18:1/25:1),M-H,posFT40799,902.6391597,8.43133901,FT19664,neg,FT23592,FT19664,0.0073213441792034,-0.7358051977715222,FT23592,0.636695197893187,0.8981525910476053,negFT23592
242,negFT19757,SulfoHexCer,SulfoHexCer t42:2,SulfoHexCer (d18:1/h24:1),M-H,posFT40900,904.6185728,7.629354095,FT19757,neg,FT23693,FT19757,0.0310929154267523,-0.578174659776372,FT23693,0.7378895604363175,0.9020493879685728,negFT23693
243,negFT19762,SulfoHexCer,SulfoHexCer d43:1,SulfoHexCer (d18:1/25:0),M-H,,904.6552805,9.709002686,FT19762,neg,FT23696_0,FT19762,0.0306349489845274,-0.9125229814559332,FT23696,0.7519303910663363,0.8914107284200926,negFT23696_0
244,negFT19851,SulfoHexCer,SulfoHexCer t42:1,SulfoHexCer (d18:1/h24:0),M-H,,906.634535,8.751755778,FT19851,neg,FT23772,FT19851,0.0237373710272574,-0.9132028507502769,FT23772,0.5423379151018032,0.7459927337643564,negFT23772
245,negFT20221,SulfoHexCer,SulfoHexCer d44:2,SulfoHexCer (d18:1/26:1),M-H,posFT41648,916.6548383,9.048762004,FT20221,neg,FT24205,FT20221,0.0190034203156859,-0.7484087608872233,FT24205,0.6896765238292466,0.8503274042128158,negFT24205
246,negFT20289,SulfoHexCer,SulfoHexCer t43:2,SulfoHexCer (d18:1/h25:1),M-H,,918.6341523,8.138887533,FT20289,neg,FT24274,FT20289,0.0199585405368445,-0.5374562783143155,FT24274,0.4808438365990179,0.8337832723502107,negFT24274
247,negFT20803,SulfoHexCer,SulfoHexCer t44:2,SulfoHexCer (d18:1/h26:1),M-H,,932.6499502,8.7326533,FT20803,neg,FT24874,FT20803,0.0197408600142772,-0.9942514754217792,FT24874,0.3602795067109628,0.7157260200006995,negFT24874
248,negFT00874,FA,FA 14:0,,M-H,,227.2002947,3.394007874,FT00874,neg,FT00756,FT00874,0.007148324015719,1.0617574700090662,FT00756,0.3906234793553589,0.2584601016857775,negFT00756
249,negFT01243,FA,FA 16:0,,M-H,,255.2313964,4.087412008,FT01243,neg,FT01071,FT01243,0.0031014554933541,1.9190621994965016,FT01071,0.5451210658229296,0.5888283563622037,negFT01071
250,negFT01222,FA,FA 16:1,,M-H,,253.2158005,3.627907817,FT01222,neg,FT01052,FT01222,-0.0008258934272933,1.9130920379755487,FT01052,0.0435108103858036,0.5618643240750208,negFT01052
251,negFT01515,FA,FA 17:0,,M-H,,269.2470836,4.356690979,FT01515,neg,FT01267,FT01515,0.0051393574999316,2.080274607286533,FT01267,0.3788332606124527,0.4039883891373437,negFT01267
252,negFT01490,FA,FA 17:1,,M-H,,267.2314166,3.945306905,FT01490,neg,FT01232,FT01490,-0.0022608132055768,1.8722149590533372,FT01232,0.270297423967679,0.6683285165400056,negFT01232
253,negFT01655,FA,FA 18:1,,M-H,,281.2470599,4.237606303,FT01655,neg,FT01381,FT01655,-0.0052746634797662,2.355895162650346,FT01381,0.0561570552883613,0.6892293100617779,negFT01381
254,negFT01625,FA,FA 18:2,,M-H,,279.2314448,3.803337351,FT01625,neg,FT01351,FT01625,-0.0013201893707011,2.053416035895023,FT01351,0.3667128798492265,0.6961294238139619,negFT01351
255,negFT01599,FA,FA 18:3,,M-H,,277.2157866,3.426750183,FT01599,neg,FT01329,FT01599,0.0250777505803521,2.305208952781144,FT01329,0.5361384408172595,0.6805668118896396,negFT01329
256,negFT01920,FA,FA 19:0,,M-H,,297.2784508,4.93094101,FT01920,neg,FT01711,FT01920,-0.004405505152647,2.216761325858068,FT01711,0.1422729375851882,0.4706615825778206,negFT01711
257,negFT01882,FA,FA 19:1,,M-H,,295.2628328,4.505064646,FT01882,neg,FT01689,FT01882,-0.0018665680812919,2.213052221240185,FT01689,0.5075018725050848,0.8686655543177471,negFT01689
258,negFT02294,FA,FA 20:0,,M-H,,311.2943932,5.239990234,FT02294,neg,FT02067,FT02294,0.0015158992121868,2.6112279575219537,FT02067,0.3759049087227759,0.4119007677709244,negFT02067
259,negFT02166,FA,FA 20:1,,M-H,,309.2786442,4.76383311,FT02166,neg,FT01929,FT02166,-0.0050465618120956,2.490861546517842,FT01929,0.4102791263775119,0.7937908395497597,negFT01929
260,negFT02136,FA,FA 20:2,,M-H,,307.2629498,4.387938944,FT02136,neg,FT01902,FT02136,0.0006697182215837,2.26069428096306,FT01902,0.0886890317010202,0.72519148508028,negFT01902
261,negFT02077,FA,FA 20:3,,M-H,,305.2472439,4.028837585,FT02077,neg,FT01876,FT02077,-0.0030076607530782,2.1762071530211853,FT01876,0.2125534625808377,0.7634950582436931,negFT01876
262,negFT02016,FA,FA 20:4,,M-H,,303.2314689,3.761583455,FT02016,neg,FT01791,FT02016,-0.0012094016528485,2.402097379200147,FT01791,0.1787895090719411,0.6625700187213932,negFT01791
263,negFT01981,FA,FA 20:5,,M-H,,301.2159219,3.352740224,FT01981,neg,FT01769,FT01981,0.0063229115400598,2.469660871702688,FT01769,0.3115050948748445,0.6921781024143806,negFT01769
264,negFT02481,FA,FA 21:3,,M-H,,319.2631412,4.324380493,FT02481,neg,FT02243,FT02481,-0.0011455878578949,2.398362484118256,FT02243,0.3366667628028517,0.7910174299516949,negFT02243
265,negFT03062,FA,FA 22:0,,M-H,,339.3255116,5.935220337,FT03062,neg,FT02794,FT03062,0.0055880247681985,3.3028307491884865,FT02794,0.4494965311762043,0.0977869680198124,negFT02794
266,negFT03015,FA,FA 22:1,,M-H,,337.3098809,5.31519165,FT03015,neg,FT02744,FT03015,0.0069026907432485,3.020502413510401,FT02744,0.3870666668296499,0.6932501108256487,negFT02744
267,negFT02980,FA,FA 22:2,,M-H,,335.2942249,4.889154053,FT02980,neg,FT02703,FT02980,-0.0029486773207212,2.9036695643221284,FT02703,0.4994410144015837,0.8732964869082064,negFT02703
268,negFT02874,FA,FA 22:3,,M-H,,333.2786059,4.572181956,FT02874,neg,FT02655,FT02874,-0.0029270490875505,2.798184693257592,FT02655,0.5119174832417078,0.8785416549902284,negFT02655
269,negFT02842,FA,FA 22:4,,M-H,,331.2629768,4.233177185,FT02842,neg,FT02623,FT02842,-0.0011398446610755,2.875892956988308,FT02623,-0.0136169826982962,0.7118499501992896,negFT02623
270,negFT02798,FA,FA 22:5,,M-H,,329.247328,4.047589493,FT02798,neg,FT02583,FT02798,-0.0031548462323574,2.5241148891867646,FT02583,0.4609650413073865,0.7725571560308858,negFT02583
271,negFT02757,FA,FA 22:6,,M-H,,327.2317394,3.669673665,FT02757,neg,FT02495,FT02757,-0.0010809965194376,3.0004877978615228,FT02495,0.5373399760854506,0.7452426598643678,negFT02495
272,negFT02685,FA,FA 22:7,,M-H,,325.2160876,3.308722178,FT02685,neg,FT02443,FT02685,0.000230700876997,2.439723762167534,FT02443,0.5067330205097622,0.648562301539499,negFT02443
273,negFT03483,FA,FA 24:1,,M-H,,365.3414235,5.991716766,FT03483,neg,FT03339,FT03483,0.0048295943257805,3.078659720389473,FT03339,0.6056158717248596,0.8341244789935051,negFT03339
274,negFT03357,FA,FA 24:4,,M-H,,359.2943912,4.688699849,FT03357,neg,FT03175,FT03357,-0.0060550712328462,2.595009330544501,FT03175,0.2959294973252817,0.7791947400271216,negFT03175
275,negFT03333,FA,FA 24:5,,M-H,,357.2785694,4.390285746,FT03333,neg,FT03147,FT03333,0.0144291123474094,1.9409977494386783,FT03147,0.0806592339826141,0.6089045175222152,negFT03147
276,negFT03309,FA,FA 24:6,,M-H,,355.2630032,4.104066976,FT03309,neg,FT03110,FT03309,-0.0036849389710402,2.211804139215941,FT03110,0.3132593607042854,0.6273509221961643,negFT03110
277,negFT04068,FA,FA 26:1,,M-H,,393.3729151,6.879966227,FT04068,neg,FT04014,FT04068,0.0037061093286592,3.2197773349362824,FT04014,0.7347288825268182,0.8496381370982156,negFT04014
